timestamp,exchange_timestamp,symbol,episode_id,setup_type,context_status,armed,armed_at,trigger_level,invalidation_price,bar_timestamp,volume_regime,v1_score,v1_signal_pass,v1_decision,v1_entry,v1_stop,v1_target,v1_gross_rr,v1_net_rr,bid,ask,mid,spread_pct,quote_age_seconds,distance_from_trigger_pct,return_5s,return_10s,return_15s,return_30s,acceleration_5s,realized_volatility_30s,selected_trigger,fast_trigger,one_minute_pass,v2_decision,future_15s_bid,forward_return_15s,future_30s_bid,forward_return_30s,future_60s_bid,forward_return_60s,future_120s_bid,forward_return_120s,future_180s_bid,forward_return_180s,mfe_180s,mae_180s,time_to_mfe_seconds,time_to_mae_seconds
2026-09-24T19:35:08.120337+00:00,2026-09-24T19:35:06.356163+00:00,AAPL,SCALP-AAPL-71bf0b0ab61825087f5167e6,MICRO_PULLBACK,CONTEXT_ACCEPT,True,2026-09-24T19:35:08.120337+00:00,337.375,337.1301,2026-09-24T19:35:00+00:00,PASS,0.184114,False,BLOCKED,337.38,337.1301,337.88607,2.025090036014663,1.3100434245578731,337.37,337.38,337.375,2.9640607632429508e-05,1.764174,0.0,4.4462888309171333e-05,0.00019270107616131682,0.00017787527978296858,0.0002223539875481073,-0.00010376870873818334,0.00013504664372084488,PULLBACK_RECLAIM,False,False,V2_ARMED_WAITING,337.28,-0.0007961285510030836,337.28,-0.0007961285510030836,337.36,-0.0005591257351943435,337.4,-0.0004406243272900845,337.29,-0.0007665031990268245,-0.00023324686345749246,-0.0009442553108832685,90.189875,18.203305
2026-09-24T19:35:08.120337+00:00,2026-09-24T19:35:06.250139+00:00,META,SCALP-META-a559b102760ea62a486149c4,MICRO_PULLBACK,CONTEXT_ACCEPT,True,2026-09-24T19:35:08.120337+00:00,777.2650000000001,775.75,2026-09-24T19:35:00+00:00,PASS,0.616041,False,BLOCKED,777.21,775.75,778.5122284373873,0.891937285881708,0.5846720009051161,777.15,777.21,777.1800000000001,7.720219254234426e-05,1.870198,-0.000109357812329125,-0.00010292566194058939,3.8602586373226444e-05,0.00013512209246213658,0.00031534169525127,-0.0002444684786425677,0.0002537098098355181,PULLBACK_RECLAIM,False,True,V2_ARMED_WAITING,776.4,-0.0015415434364669522,776.23,-0.0017601652005264645,776.35,-0.0016058439553080506,775.74,-0.002390310285168673,775.76,-0.0023645900776322337,-0.0005770356538514765,-0.0029818750585061116,0.0,169.790875
2026-09-24T19:35:10.061872+00:00,2026-09-24T19:35:09.043953+00:00,AAPL,SCALP-AAPL-71bf0b0ab61825087f5167e6,MICRO_PULLBACK,CONTEXT_ACCEPT,True,2026-09-24T19:35:08.120337+00:00,337.375,337.1301,2026-09-24T19:35:00+00:00,PASS,0.173492,False,BLOCKED,337.38,337.1301,337.88607,2.025090036014663,1.2300066671996248,337.35,337.38,337.365,8.892445867227695e-05,1.017919,-2.9640607632441807e-05,-1.4820523460912227e-05,1.4820962769723778e-05,0.0001630547567519347,0.0003113325031134373,-4.446244900035978e-05,0.00013746406942279608,PULLBACK_RECLAIM,False,False,V2_ARMED_WAITING,337.23,-0.0009442553108832685,337.27,-0.0008257539029791205,337.44,-0.0003221229193858255,337.36,-0.0005591257351943435,337.31,-0.0007072524950747505,-0.00023324686345749246,-0.0009442553108832685,87.502085,15.515515
2026-09-24T19:35:10.061872+00:00,2026-09-24T19:35:08.879642+00:00,META,SCALP-META-a559b102760ea62a486149c4,MICRO_PULLBACK,CONTEXT_ACCEPT,True,2026-09-24T19:35:08.120337+00:00,777.2650000000001,775.75,2026-09-24T19:35:00+00:00,PASS,0.60912,False,BLOCKED,777.21,775.75,778.4972027246481,0.8816457018137603,0.55383048862979,777.12,777.21,777.165,0.00011580552392353212,1.18223,-0.0001286562497991861,-3.2167166330143715e-05,-0.0001286562497991861,9.651391730680636e-05,-3.860035126312944e-05,6.43250210191626e-05,0.00022315895468849535,PULLBACK_RECLAIM,False,True,V2_ARMED_WAITING,776.47,-0.0014515227100894146,776.23,-0.0017601652005264645,776.3,-0.001670144474149149,775.74,-0.002390310285168673,775.72,-0.0024160304927050014,-0.0006156159651560245,-0.0029818750585061116,0.0,167.161372
2026-09-24T19:35:11.930668+00:00,2026-09-24T19:35:11.568860+00:00,AAPL,SCALP-AAPL-71bf0b0ab61825087f5167e6,MICRO_PULLBACK,CONTEXT_ACCEPT,True,2026-09-24T19:35:08.120337+00:00,337.375,337.1301,2026-09-24T19:35:00+00:00,PASS,0.153894,False,BLOCKED,337.32,337.1301,337.82598,2.664454976303795,1.5656536504695397,337.28,337.32,337.29999999999995,0.00011858879335908826,0.361808,-0.0002223045572435911,-0.0002223045572435911,-0.0001778515532370184,-2.964631940960416e-05,0.000133430193770101,-0.00026676744555276244,0.00023481647620895895,PULLBACK_RECLAIM,False,False,V2_ARMED_WAITING,337.24,-0.0007369200033681134,337.29,-0.0005887668957893499,337.45,-0.00011467695153766222,337.34,-0.00044061378821091957,337.3,-0.0005591362742736194,-5.541570850609023e-05,-0.0007665506248837328,84.977178,12.990608
2026-09-24T19:35:11.930668+00:00,2026-09-24T19:35:10.955978+00:00,AMD,SCALP-AMD-15e80cc8685e1d330437e38f,EMA9_CONTINUATION,CONTEXT_ACCEPT,True,2026-09-24T19:35:11.930668+00:00,627.96,625.578517991133,2026-09-24T19:35:00+00:00,PASS,0.50673,False,BLOCKED,628.02,626.2047227138469,628.8,0.4296864208844749,0.19059266423960147,627.9,628.02,627.96,0.00019109497420218572,0.97469,0.0,-0.00023085312169135452,-0.0006206731916924557,-0.0005093270516329795,-0.0003979560974832763,0.00015905696026929927,0.0004919522755032326,EMA9_TURN_UP,False,True,V2_ARMED_WAITING,627.92,-0.0006590260335939124,627.91,-0.0006749411338291544,627.87,-0.0007386015347695674,627.73,-0.0009614129380619563,627.85,-0.0007704317352399404,-0.00019748812677400363,-0.001295630043000373,8.090681,168.062591
2026-09-24T19:35:11.930668+00:00,2026-09-24T19:35:10.953112+00:00,META,SCALP-META-a559b102760ea62a486149c4,MICRO_PULLBACK,CONTEXT_ACCEPT,True,2026-09-24T19:35:08.120337+00:00,777.2650000000001,775.75,2026-09-24T19:35:00+00:00,PASS,0.507955,False,BLOCKED,776.85,775.75,778.0152750000001,1.0593409090908872,0.5152923748228624,776.64,776.85,776.745,0.00027035899812684523,0.977556,-0.0006690124989547908,-0.0005725755606738048,-0.0006625839487429674,-0.0005211349160394452,-0.00040537410238583593,-0.0004825156064758307,0.0005732462659656424,PULLBACK_RECLAIM,False,True,V2_ARMED_WAITING,776.53,-0.0009115890558158979,776.36,-0.0011303121313704922,776.36,-0.0011303121313704922,775.71,-0.00196660624378564,775.28,-0.0025198469643065158,-0.0007700623598687617,-0.0025198469643065158,0.0,165.087902
2026-09-24T19:35:13.871573+00:00,2026-09-24T19:35:12.792005+00:00,AAPL,SCALP-AAPL-71bf0b0ab61825087f5167e6,MICRO_PULLBACK,CONTEXT_ACCEPT,True,2026-09-24T19:35:08.120337+00:00,337.375,337.1301,2026-09-24T19:35:00+00:00,PASS,0.153894,False,BLOCKED,337.32,337.1301,337.82598,2.664454976303795,1.5656536504695397,337.28,337.32,337.29999999999995,0.00011858879335908826,1.079568,-0.0002223045572435911,-0.0002223045572435911,-0.0001778515532370184,-5.9290881062601386e-05,0.000133430193770101,-0.00026676744555276244,0.00023481647620895895,PULLBACK_RECLAIM,False,False,V2_ARMED_WAITING,337.24,-0.0007369200033681134,337.29,-0.0005887668957893499,337.45,-0.00011467695153766222,337.34,-0.00044061378821091957,337.3,-0.0005591362742736194,-5.541570850609023e-05,-0.0007665506248837328,83.754033,11.767463
2026-09-24T19:35:13.871573+00:00,2026-09-24T19:35:13.008537+00:00,AMD,SCALP-AMD-15e80cc8685e1d330437e38f,EMA9_CONTINUATION,CONTEXT_ACCEPT,True,2026-09-24T19:35:11.930668+00:00,627.96,625.578517991133,2026-09-24T19:35:00+00:00,PASS,0.490068,False,BLOCKED,628.21,626.2047227138469,628.8,0.2942236488060906,0.03284328549437771,628.0,628.21,628.105,0.00033433900382903557,0.863036,0.00023090642716083742,-3.980067820352762e-05,-0.0004535399990451827,-0.0002785382313617024,-0.00012735101920602343,0.00037395511039906015,0.0005434471634639301,EMA9_TURN_UP,False,True,V2_ARMED_WAITING,627.93,-0.0009453630607091368,627.75,-0.0012317482225090437,628.03,-0.0007862601930423985,627.69,-0.0013272099431088646,627.85,-0.0010726453548423054,-0.0004998750312422695,-0.0015976848181423753,6.038122,166.010032
2026-09-24T19:35:13.871573+00:00,2026-09-24T19:35:13.208890+00:00,META,SCALP-META-a559b102760ea62a486149c4,MICRO_PULLBACK,CONTEXT_ACCEPT,True,2026-09-24T19:35:08.120337+00:00,777.2650000000001,775.75,2026-09-24T19:35:00+00:00,PASS,0.471581,False,BLOCKED,776.57,775.75,777.734855,1.420554878048694,0.800683814321122,776.45,776.57,776.51,0.00015453761059098343,0.662683,-0.0009713546859824174,-0.0008620911500554218,-0.000874946924175668,-0.0009392208326900464,-0.0006049061751911555,-0.0008492242835234087,0.0006481536089873444,PULLBACK_RECLAIM,False,True,V2_ARMED_WAITING,776.47,-0.0006285820537861309,776.11,-0.0010919273349440095,776.36,-0.0007701597785844116,775.65,-0.0016839796386458605,775.31,-0.0021215835152949003,-0.0005384871380055278,-0.0021601956220580476,7.152608,162.832124
2026-09-24T19:35:15.924022+00:00,2026-09-24T19:35:14.542332+00:00,AMD,SCALP-AMD-15e80cc8685e1d330437e38f,EMA9_CONTINUATION,CONTEXT_ACCEPT,True,2026-09-24T19:35:11.930668+00:00,627.96,625.578517991133,2026-09-24T19:35:00+00:00,PASS,0.494304,False,BLOCKED,628.21,626.2047227138469,628.8,0.2942236488060906,0.052796685902656834,628.04,628.21,628.125,0.00027064676616927005,1.38169,0.0002627555895280409,-7.960135640749932e-06,-0.00030239609113269506,-0.00035808068751497224,-9.551326440448982e-05,0.00028647816362004086,0.0005443792063754435,EMA9_TURN_UP,False,True,V2_ARMED_WAITING,627.93,-0.0009453630607091368,627.75,-0.0012317482225090437,627.91,-0.0009771836342424844,627.7,-0.0013112996563422463,627.84,-0.0010885556416090347,-0.0004998750312422695,-0.0015976848181423753,4.504327,164.476237
2026-09-24T19:35:15.924022+00:00,2026-09-24T19:35:15.587974+00:00,META,SCALP-META-a559b102760ea62a486149c4,MICRO_PULLBACK,CONTEXT_ACCEPT,True,2026-09-24T19:35:08.120337+00:00,777.2650000000001,775.75,2026-09-24T19:35:00+00:00,PASS,0.481251,False,BLOCKED,776.64,775.75,777.80496,1.3089438202247392,0.7153116633748235,776.5,776.64,776.5699999999999,0.00018027994900651116,0.336048,-0.0008941609361030611,-0.000765603185938657,-0.0007977457249837006,-0.0008877338342383467,-0.0005341158452223382,-0.0007334360196085132,0.0006511869429647665,PULLBACK_RECLAIM,False,True,V2_ARMED_WAITING,776.47,-0.000718657248543142,776.11,-0.0011819607675336297,776.36,-0.0008602222126791181,775.63,-0.001799698792854354,775.31,-0.002211524143068133,-0.0006285704531839853,-0.0022501327696505813,4.773524,160.45304
2026-09-24T19:35:17.991529+00:00,2026-09-24T19:35:16.801208+00:00,META,SCALP-META-a559b102760ea62a486149c4,MICRO_PULLBACK,CONTEXT_ACCEPT,True,2026-09-24T19:35:08.120337+00:00,777.2650000000001,775.75,2026-09-24T19:35:00+00:00,PASS,0.468107,False,BLOCKED,776.7,775.75,777.8650500000001,1.2263684210525732,0.5543786938937074,776.45,776.7,776.575,0.0003219264076232173,1.190321,-0.0008877281236130408,-0.00021886204610255255,-0.000778455441467929,-0.0008813009803668725,-0.0005727008313813897,0.0003408538498289593,0.000651218772661222,PULLBACK_RECLAIM,False,True,V2_ARMED_WAITING,776.31,-0.0010017484041505709,776.11,-0.0012591193646162013,776.36,-0.0009374056640341077,775.63,-0.0018768096697341363,775.31,-0.0022886032064793893,-0.0007057717996149515,-0.002327208850549156,3.56029,159.239806
2026-09-24T19:35:19.956578+00:00,2026-09-24T19:35:18.612789+00:00,AAPL,SCALP-AAPL-71bf0b0ab61825087f5167e6,MICRO_PULLBACK,CONTEXT_ACCEPT,True,2026-09-24T19:35:08.120337+00:00,337.375,337.1301,2026-09-24T19:35:00+00:00,PASS,0.162789,False,BLOCKED,337.3,337.1301,337.80595000000005,2.977928193055016,1.9264264376801088,337.29,337.3,337.295,2.964763782442937e-05,1.343789,-0.00023712486105964548,-2.9646758868073775e-05,-0.00023712486105964548,-0.00022230785191335034,-1.482359916982201e-05,0.0001778374945591299,0.00022477394164003225,PULLBACK_RECLAIM,False,False,V2_ARMED_WAITING,337.28,-0.0005591397881334892,337.3,-0.0004998750312422695,337.44,-8.502173300450888e-05,337.35,-0.00035171313901449786,337.3,-0.0004998750312422695,3.875402332376154e-06,-0.0007073016803611498,77.933249,5.946679
2026-09-24T19:35:19.956578+00:00,2026-09-24T19:35:19.046659+00:00,AMD,SCALP-AMD-15e80cc8685e1d330437e38f,EMA9_CONTINUATION,CONTEXT_ACCEPT,True,2026-09-24T19:35:11.930668+00:00,627.96,625.578517991133,2026-09-24T19:35:00+00:00,PASS,0.514532,False,BLOCKED,628.28,626.2047227138469,628.8,0.25056892564167327,0.06546407130941098,628.21,628.28,628.245,0.00011142149957410936,0.909919,0.00045385056373015153,0.00022289266921937667,0.0001830831197364713,-0.00011140908620688172,7.958741881974873e-06,0.0002626933474229043,0.0005544169356349137,EMA9_TURN_UP,False,True,V2_ARMED_WAITING,627.95,-0.0010248559971168802,627.69,-0.001438477364169466,627.9,-0.0011043985677039458,627.73,-0.001374843307699991,627.72,-0.0013907518218172488,-0.0006112346300640725,-0.0017089221041656222,0.0,159.97191
2026-09-24T19:35:19.956578+00:00,2026-09-24T19:35:18.115457+00:00,META,SCALP-META-a559b102760ea62a486149c4,MICRO_PULLBACK,CONTEXT_ACCEPT,True,2026-09-24T19:35:08.120337+00:00,777.2650000000001,775.75,2026-09-24T19:35:00+00:00,PASS,0.468374,False,BLOCKED,776.69,775.75,777.855035,1.239398936170141,0.570907355147895,776.45,776.69,776.57,0.0003090513411540609,1.841121,-0.0008941609361029501,-0.000225299165105608,-0.0007848889575130524,-0.0007977457249835895,-0.0005791356721833729,0.00033441673082590384,0.0006512506003921668,PULLBACK_RECLAIM,False,True,V2_ARMED_WAITING,776.31,-0.000988886152137547,776.11,-0.0012462604262928334,776.27,-0.001040361006968582,775.63,-0.0018639586842659206,775.32,-0.0022628888092065536,-0.0006929057368588731,-0.0023143636640378107,2.246041,157.925557
2026-09-24T19:35:21.919783+00:00,2026-09-24T19:35:20.156502+00:00,AAPL,SCALP-AAPL-71bf0b0ab61825087f5167e6,MICRO_PULLBACK,CONTEXT_ACCEPT,True,2026-09-24T19:35:08.120337+00:00,337.375,337.1301,2026-09-24T19:35:00+00:00,PASS,0.162789,False,BLOCKED,337.3,337.1301,337.80595000000005,2.977928193055016,1.9264264376801088,337.29,337.3,337.295,2.964763782442937e-05,1.763281,-0.00023712486105964548,-2.9646758868073775e-05,-0.00020749040356882187,-0.00022230785191335034,-2.9646758868073775e-05,0.0001482021584766624,0.00022281022088094368,PULLBACK_RECLAIM,False,False,V2_ARMED_WAITING,337.28,-0.0005591397881334892,337.3,-0.0004998750312422695,337.46,-2.575697611340022e-05,337.35,-0.00035171313901449786,337.3,-0.0004998750312422695,3.875402332376154e-06,-0.0007073016803611498,76.389536,4.402966
2026-09-24T19:35:21.919783+00:00,2026-09-24T19:35:20.326896+00:00,AMD,SCALP-AMD-15e80cc8685e1d330437e38f,EMA9_CONTINUATION,CONTEXT_ACCEPT,True,2026-09-24T19:35:11.930668+00:00,627.96,625.578517991133,2026-09-24T19:35:00+00:00,PASS,0.512842,False,BLOCKED,628.38,626.2047227138469,628.8,0.19307883306350918,-0.015724706736889638,628.24,628.38,628.31,0.00022281994556824875,1.592887,0.0005573603414228412,0.0002945273631840273,0.00028656488306544325,0.0003263785513567541,0.0001114223863489805,0.0003024874988247772,0.0005639882036487273,EMA9_TURN_UP,False,True,V2_ARMED_WAITING,627.95,-0.001183832276438701,627.68,-0.0016132938024924215,627.89,-0.0012792681711172316,627.73,-0.0015337638902601647,627.78,-0.001454233978028019,-0.0008179946801709637,-0.0018677895216352436,0.0,158.691673
2026-09-24T19:35:21.919783+00:00,2026-09-24T19:35:20.361498+00:00,META,SCALP-META-a559b102760ea62a486149c4,MICRO_PULLBACK,CONTEXT_ACCEPT,True,2026-09-24T19:35:08.120337+00:00,777.2650000000001,775.75,2026-09-24T19:35:00+00:00,PASS,0.489148,False,BLOCKED,776.69,775.75,777.855035,1.239398936170141,0.6666760787847604,776.54,776.69,776.615,0.00019314589597173754,1.558285,-0.0008362656236934329,0.00013522040926705614,-0.0007077004239768314,-0.0007398448255896417,-0.00052122210496508,0.0009780272778213694,0.0006499807271473503,PULLBACK_RECLAIM,False,True,V2_ARMED_WAITING,776.23,-0.0010918358617996171,776.12,-0.0012333917125851857,776.21,-0.0011175732892152457,775.63,-0.0018639586842659206,775.32,-0.0022628888092065536,-0.0006929057368588731,-0.0023143636640378107,0.0,155.679516
2026-09-24T19:35:23.903483+00:00,2026-09-24T19:35:22.780827+00:00,AAPL,SCALP-AAPL-71bf0b0ab61825087f5167e6,MICRO_PULLBACK,CONTEXT_ACCEPT,True,2026-09-24T19:35:08.120337+00:00,337.375,337.1301,2026-09-24T19:35:00+00:00,PASS,0.159824,False,BLOCKED,337.3,337.1301,337.80595000000005,2.977928193055016,1.8675656682663007,337.28,337.3,337.28999999999996,5.929615464448592e-05,1.122656,-0.0002519451648760329,-4.4470138302221685e-05,-2.9647198339755043e-05,-0.0002519451648760329,-7.411469990969977e-05,-5.929373747215472e-05,0.0002213261438179738,PULLBACK_RECLAIM,False,False,V2_ARMED_WAITING,337.27,-0.0005887721665790435,337.3,-0.0004998750312422695,337.46,-2.575697611340022e-05,337.34,-0.0003813455174601632,337.3,-0.0004998750312422695,3.875402332376154e-06,-0.0007073016803611498,73.765211,1.778641
2026-09-24T19:35:23.903483+00:00,2026-09-24T19:35:23.329719+00:00,META,SCALP-META-a559b102760ea62a486149c4,MICRO_PULLBACK,CONTEXT_ACCEPT,True,2026-09-24T19:35:08.120337+00:00,777.2650000000001,775.75,2026-09-24T19:35:00+00:00,PASS,0.461109,False,BLOCKED,776.53,775.75,777.694795,1.4933269230769755,0.8288706632640352,776.4,776.53,776.4649999999999,0.00016742544738010788,0.573764,-0.0010292499983920456,-0.00013520996175508948,-5.795160397170651e-05,-0.0009199927944621988,-0.0008042826442241635,-0.00021247876705055013,0.0006733840744849045,PULLBACK_RECLAIM,False,True,V2_ARMED_WAITING,776.23,-0.0008860159884371832,776.21,-0.0009117587189167997,776.0,-0.0011820573889532726,775.57,-0.0017355260942660822,775.16,-0.0022632520690993863,-0.0004998750312422695,-0.0023404802605382358,4.348137,179.994797
2026-09-24T19:35:25.976371+00:00,2026-09-24T19:35:24.559468+00:00,AAPL,SCALP-AAPL-71bf0b0ab61825087f5167e6,MICRO_PULLBACK,CONTEXT_ACCEPT,True,2026-09-24T19:35:08.120337+00:00,337.375,337.1301,2026-09-24T19:35:00+00:00,PASS,0.153893,False,BLOCKED,337.27,337.1301,337.775905,3.6161901358124666,2.1248579547722013,337.23,337.27,337.25,0.00011860637509255335,1.416903,-0.0003705075954056891,-0.00013341437021008318,-0.00016305717377451678,-0.000340877091577374,-0.00017787791645662576,-0.0001037676113420094,0.00024889909788384287,PULLBACK_RECLAIM,False,False,V2_ARMED_WAITING,337.27,-0.0004998750312423805,337.33,-0.000322064945856404,337.46,6.319023914658217e-05,337.34,-0.0002924299316254819,337.28,-0.00047024001701134743,9.282525337761527e-05,-0.0006184150881660688,71.98657,0.0
2026-09-24T19:35:25.976371+00:00,2026-09-24T19:35:25.091236+00:00,AMD,SCALP-AMD-15e80cc8685e1d330437e38f,EMA9_CONTINUATION,CONTEXT_ACCEPT,True,2026-09-24T19:35:11.930668+00:00,627.96,625.578517991133,2026-09-24T19:35:00+00:00,PASS,0.497195,False,BLOCKED,628.25,626.2047227138469,628.8,0.2689121928471499,0.0468686568930664,628.11,628.25,628.1800000000001,0.0002228660574994211,0.885135,0.0003503407860374619,-0.00010346282103312898,8.756218905481283e-05,7.960135640727728e-05,-0.00017507838736874337,-0.000294507597152438,0.0005657267620199193,EMA9_TURN_UP,False,True,V2_ARMED_WAITING,627.91,-0.0010407903396217888,627.92,-0.0010248810658458618,628.01,-0.000881697601863074,627.77,-0.0012635201724838785,627.8,-0.0012157923511562085,-0.0007226048641043592,-0.001661252016880499,0.0,153.927333
2026-09-24T19:35:25.976371+00:00,2026-09-24T19:35:24.631805+00:00,META,SCALP-META-a559b102760ea62a486149c4,MICRO_PULLBACK,CONTEXT_ACCEPT,True,2026-09-24T19:35:08.120337+00:00,777.2650000000001,775.75,2026-09-24T19:35:00+00:00,PASS,0.475663,False,BLOCKED,776.59,775.75,777.7548850000001,1.3867678571428046,0.7816437237882711,776.47,776.59,776.53,0.00015453363038131759,1.344566,-0.000945623436022669,-5.150855685909228e-05,2.5756268431820217e-05,-0.0008170723076823538,-0.0007977867850480491,-0.00012877736215455293,0.000668612365130341,PULLBACK_RECLAIM,False,True,V2_ARMED_WAITING,776.36,-0.0007958935593495031,776.21,-0.0009889491211586554,776.0,-0.0012592269076913132,775.57,-0.0018126528515439722,775.16,-0.0023403380538223884,-0.0005770972559661081,-0.002417560278545783,3.046051,178.692711
2026-09-24T19:35:27.975347+00:00,2026-09-24T19:35:26.084904+00:00,AAPL,SCALP-AAPL-71bf0b0ab61825087f5167e6,MICRO_PULLBACK,CONTEXT_ACCEPT,True,2026-09-24T19:35:08.120337+00:00,337.375,337.1301,2026-09-24T19:35:00+00:00,PASS,0.156858,False,BLOCKED,337.27,337.1301,337.775905,3.6161901358124666,2.1963450014166495,337.24,337.27,337.255,8.895346251344744e-05,1.890443,-0.0003556872915895237,-0.00011859055129792573,-0.0001482337943404799,-0.00032605634846538667,-0.0001630547567519347,-8.894379242985195e-05,0.0002493402598472893,PULLBACK_RECLAIM,False,False,V2_ARMED_WAITING,337.29,-0.0004406050027802033,337.33,-0.000322064945856404,337.46,6.319023914658217e-05,337.34,-0.0002924299316254819,337.28,-0.00047024001701134743,9.282525337761527e-05,-0.0005887800739352578,70.461134,0.0
2026-09-24T19:35:27.975347+00:00,2026-09-24T19:35:26.626802+00:00,AMD,SCALP-AMD-15e80cc8685e1d330437e38f,EMA9_CONTINUATION,CONTEXT_ACCEPT,True,2026-09-24T19:35:11.930668+00:00,627.96,625.578517991133,2026-09-24T19:35:00+00:00,PASS,0.497167,False,BLOCKED,628.1,626.2047227138469,628.8,0.36933909624417843,0.10865122783708361,627.92,628.1,628.01,0.000286619639814754,1.348545,7.962290591745358e-05,-0.0004138348162414651,-0.000342234072187364,7.962290591745358e-05,-0.000429744699815382,-0.00048546520344361355,0.0006171468607810961,EMA9_TURN_UP,False,True,V2_ARMED_WAITING,627.88,-0.0008499626406884842,628.03,-0.0006112665433388731,628.01,-0.000643092689652125,627.9,-0.0008181364943752323,627.8,-0.0009772672259416026,-0.0006112665433388731,-0.001422833274327684,32.533362,152.391767
2026-09-24T19:35:27.975347+00:00,2026-09-24T19:35:27.677856+00:00,META,SCALP-META-a559b102760ea62a486149c4,MICRO_PULLBACK,CONTEXT_ACCEPT,True,2026-09-24T19:35:08.120337+00:00,777.2650000000001,775.75,2026-09-24T19:35:00+00:00,PASS,0.485504,False,BLOCKED,776.74,775.75,777.90511,1.176878787878777,0.5724359679640569,776.53,776.74,776.635,0.00027039729087671347,0.297491,-0.0008105343737336845,2.575278612959586e-05,7.726233782956449e-05,-0.00014161661806644243,-0.0007783953476403482,-2.5755439090113796e-05,0.0006813894030392821,PULLBACK_RECLAIM,False,True,V2_ARMED_WAITING,776.37,-0.0009759867883790685,776.22,-0.0011690050682993114,775.95,-0.0015164379721558374,775.57,-0.002005417614620697,775.15,-0.002545868798397688,-0.000770100623130765,-0.002610208225037769,0.0,175.64666
2026-09-24T19:35:29.922054+00:00,2026-09-24T19:35:28.398970+00:00,AAPL,SCALP-AAPL-71bf0b0ab61825087f5167e6,MICRO_PULLBACK,CONTEXT_ACCEPT,True,2026-09-24T19:35:08.120337+00:00,337.375,337.1301,2026-09-24T19:35:00+00:00,PASS,0.162788,False,BLOCKED,337.25,337.1301,337.755875,4.2191409507932836,2.729356561633998,337.24,337.25,337.245,2.9652033388162627e-05,1.523084,-0.00038532789922196553,-0.0001334163479497219,-0.00017788055320855367,-0.00017788055320855367,-0.00026679710080490526,-8.894620964750022e-05,0.00023575411211061581,PULLBACK_RECLAIM,False,False,V2_ARMED_WAITING,337.29,-0.0003813279445149531,337.33,-0.00026278085778785876,337.45,9.286040239375737e-05,337.34,-0.00023314408610608517,337.29,-0.0003813279445149531,0.0001521339457575266,-0.0005295118029240431,68.147068,0.0
2026-09-24T19:35:29.922054+00:00,2026-09-24T19:35:28.945215+00:00,META,SCALP-META-a559b102760ea62a486149c4,MICRO_PULLBACK,CONTEXT_ACCEPT,True,2026-09-24T19:35:08.120337+00:00,777.2650000000001,775.75,2026-09-24T19:35:00+00:00,PASS,0.469519,False,BLOCKED,776.82,775.75,777.9852300000001,1.0889999999999493,0.3988234907840378,776.47,776.82,776.645,0.0004506563487822915,0.976839,-0.0007976687487537548,0.00023181985021869522,9.657854411049271e-05,0.00017385481191478647,-0.0007976687487537548,0.0003670298119737847,0.000681480689716653,PULLBACK_RECLAIM,False,True,V2_ARMED_WAITING,776.11,-0.0014134008013405586,776.22,-0.0012718686397760193,775.9,-0.0016835985643275375,775.64,-0.0020181291280254587,775.18,-0.0026099908945681483,-0.0009502046362201977,-0.0027129233757058335,0.0,174.379301
2026-09-24T19:35:32.016365+00:00,2026-09-24T19:35:30.434396+00:00,AMD,SCALP-AMD-15e80cc8685e1d330437e38f,EMA9_CONTINUATION,CONTEXT_ACCEPT,True,2026-09-24T19:35:11.930668+00:00,627.96,625.578517991133,2026-09-24T19:35:00+00:00,PASS,0.513098,False,BLOCKED,628.01,626.2047227138469,628.8,0.4376059046770512,0.2193512914899147,627.93,628.01,627.97,0.0001273946207622035,1.581969,1.5924581183490716e-05,-0.00033429908624926785,-0.0004775017110477675,-0.0002467661691542,-0.0006047584944696149,-0.00019104857293505972,0.0006220611517194096,EMA9_TURN_UP,False,True,V2_ARMED_WAITING,627.7,-0.000993250994587247,627.91,-0.0006590285678053087,627.93,-0.0006271978604928119,627.86,-0.0007386053360867173,627.88,-0.0007067746287741095,-0.0004680443239297727,-0.0012797273604006065,28.725768,148.584173
2026-09-24T19:35:32.016365+00:00,2026-09-24T19:35:31.276294+00:00,META,SCALP-META-a559b102760ea62a486149c4,MICRO_PULLBACK,CONTEXT_ACCEPT,True,2026-09-24T19:35:08.120337+00:00,777.2650000000001,775.75,2026-09-24T19:35:00+00:00,PASS,0.474059,False,BLOCKED,776.65,775.75,777.814975,1.2944166666666994,0.662921265295449,776.47,776.65,776.56,0.00023179149067676676,0.740071,-0.0009070265610829908,3.863340759524547e-05,-7.082016185633311e-05,-1.2877139214717559e-05,-0.000900599541980851,0.00014808274864586135,0.0006843123321455462,PULLBACK_RECLAIM,False,True,V2_ARMED_WAITING,776.11,-0.0011948213616137515,776.34,-0.0008988257023814228,776.0,-0.001336384502985788,775.74,-0.0016709882916833285,775.27,-0.002275848986636464,-0.0007315238080326525,-0.00249462838693848,0.0,172.048222
2026-09-24T19:35:33.914640+00:00,2026-09-24T19:35:32.689609+00:00,AAPL,SCALP-AAPL-71bf0b0ab61825087f5167e6,MICRO_PULLBACK,CONTEXT_ACCEPT,True,2026-09-24T19:35:08.120337+00:00,337.375,337.1301,2026-09-24T19:35:00+00:00,PASS,0.159823,False,BLOCKED,337.27,337.1301,337.775905,3.6161901358124666,2.267829928419081,337.25,337.27,337.26,5.930142916438893e-05,1.225031,-0.0003408669877732473,1.4825577085542108e-05,-0.00010376673238565726,-0.000133410414906443,-0.00029641925539491965,0.00013341612838346784,0.00023622107959992602,PULLBACK_RECLAIM,False,False,V2_ARMED_WAITING,337.3,-0.0004109699885491702,337.33,-0.000322064945856404,337.44,3.920210684515979e-06,337.34,-0.0002924299316254819,337.3,-0.0004109699885491702,9.282525337761527e-05,-0.0005887800739352578,63.856429,0.458242
2026-09-24T19:35:33.914640+00:00,2026-09-24T19:35:32.767634+00:00,AMD,SCALP-AMD-15e80cc8685e1d330437e38f,EMA9_CONTINUATION,CONTEXT_ACCEPT,True,2026-09-24T19:35:11.930668+00:00,627.96,625.578517991133,2026-09-24T19:35:00+00:00,PASS,0.506721,False,BLOCKED,628.07,626.2047227138469,628.8,0.39136272414777434,0.1586646325515664,627.95,628.07,628.01,0.00019107975987644235,1.147006,7.962290591745358e-05,9.554900867891902e-05,-0.0004138348162414651,-0.000342234072187364,-0.0006047199987269103,0.0006048841671297822,0.00061381786649089,EMA9_TURN_UP,True,True,V2_TRIGGER_GEOMETRY_BLOCKED,627.69,-0.0011046006947639242,627.89,-0.0007863240297525387,627.93,-0.000722668696750528,627.89,-0.0007863240297525387,627.86,-0.0008340655295043797,-0.0005635303642446132,-0.0013751358600239127,26.39253,146.250935
2026-09-24T19:35:33.914640+00:00,2026-09-24T19:35:33.264955+00:00,META,SCALP-META-a559b102760ea62a486149c4,MICRO_PULLBACK,CONTEXT_ACCEPT,True,2026-09-24T19:35:08.120337+00:00,777.2650000000001,775.75,2026-09-24T19:35:00+00:00,PASS,0.441939,False,BLOCKED,776.47,775.75,777.634705,1.6176458333332722,0.8561854353337568,776.31,776.47,776.39,0.0002060819948738158,0.649685,-0.0011257421857411298,-0.00031546350602273954,-0.00028971884395745384,-0.0002317885058655822,-0.0010293493225596029,-0.0003412162921523354,0.0007184753221931284,PULLBACK_RECLAIM,False,True,V2_ARMED_WAITING,776.11,-0.0009632799857012264,776.34,-0.0006672157092413311,776.0,-0.001104875944008099,775.74,-0.0014395573000063333,775.27,-0.002044558212772274,-0.0006285986297031032,-0.0022633883301554913,9.540308,170.059561
2026-09-24T19:35:36.036666+00:00,2026-09-24T19:35:35.177806+00:00,AMD,SCALP-AMD-15e80cc8685e1d330437e38f,EMA9_CONTINUATION,CONTEXT_ACCEPT,True,2026-09-24T19:35:11.930668+00:00,627.96,625.578517991133,2026-09-24T19:35:00+00:00,PASS,0.506721,False,BLOCKED,628.07,626.2047227138469,628.8,0.39136272414777434,0.1586646325515664,627.95,628.07,628.01,0.00019107975987644235,0.85886,7.962290591745358e-05,9.554900867891902e-05,-0.00027062306982084117,-0.00037405789142774815,-0.00048542530418671515,0.0004616861031423447,0.0005148441636248576,EMA9_TURN_UP,True,True,V2_TRIGGER_GEOMETRY_BLOCKED,627.68,-0.00112051452801476,627.89,-0.0007863240297525387,627.93,-0.000722668696750528,627.87,-0.000818151696253766,627.86,-0.0008340655295043797,-0.0005635303642446132,-0.0013751358600239127,23.982358,143.840763
2026-09-24T19:35:36.036666+00:00,2026-09-24T19:35:35.736031+00:00,META,SCALP-META-a559b102760ea62a486149c4,MICRO_PULLBACK,CONTEXT_ACCEPT,True,2026-09-24T19:35:08.120337+00:00,777.2650000000001,775.75,2026-09-24T19:35:00+00:00,PASS,0.423738,False,BLOCKED,776.46,775.75,777.6246900000001,1.6404084507041414,0.7696139860499513,776.23,776.46,776.345,0.00029626003902906336,0.300635,-0.001183637498150647,-0.00038627687038472747,-0.00023823934683775416,-0.000347662612748878,-0.0010872502219534397,-0.0005343715995002052,0.0007206945670562191,PULLBACK_RECLAIM,False,True,V2_ARMED_WAITING,776.12,-0.0009375409026192161,776.35,-0.0006414728131582947,776.0,-0.0010920112101640012,775.78,-0.0013752067739962737,775.24,-0.002070323157947862,-0.0006157277619008861,-0.002250538516750167,7.069232,167.588485
2026-09-24T19:35:37.967319+00:00,2026-09-24T19:35:37.247775+00:00,AAPL,SCALP-AAPL-71bf0b0ab61825087f5167e6,MICRO_PULLBACK,CONTEXT_ACCEPT,True,2026-09-24T19:35:08.120337+00:00,337.375,337.1301,2026-09-24T19:35:00+00:00,PASS,0.159823,False,BLOCKED,337.28,337.1301,337.78592,3.3750500333567968,2.116607118101565,337.26,337.28,337.27,5.9299670886772645e-05,0.719544,-0.0003112263801408055,4.447673125662632e-05,4.447673125662632e-05,-7.411909456123134e-05,-0.0003112263801408055,4.447673125662632e-05,0.00023853753531250129,PULLBACK_RECLAIM,False,False,V2_ARMED_WAITING,337.3,-0.0004406067600746244,337.42,-8.499713306975298e-05,337.46,3.3539409265204156e-05,337.34,-0.0003220702177398893,337.34,-0.0003220702177398893,6.317354484908222e-05,-0.0005295091668260365,59.298263,3.139988
2026-09-24T19:35:37.967319+00:00,2026-09-24T19:35:37.288871+00:00,AMD,SCALP-AMD-15e80cc8685e1d330437e38f,EMA9_CONTINUATION,CONTEXT_ACCEPT,True,2026-09-24T19:35:11.930668+00:00,627.96,625.578517991133,2026-09-24T19:35:00+00:00,PASS,0.506721,False,BLOCKED,628.07,626.2047227138469,628.8,0.39136272414777434,0.1586646325515664,627.95,628.07,628.01,0.00019107975987644235,0.678448,7.962290591745358e-05,6.369731038091686e-05,0.0,-0.0004138348162414651,-0.0001910432553771102,0.00012739056367305768,0.0005133033145514957,EMA9_TURN_UP,True,True,V2_TRIGGER_GEOMETRY_BLOCKED,627.9,-0.000770410196502147,627.89,-0.0007863240297525387,627.96,-0.000674927196998576,627.87,-0.000818151696253766,627.86,-0.0008340655295043797,-0.0005635303642446132,-0.0013751358600239127,21.871293,141.729698
2026-09-24T19:35:37.967319+00:00,2026-09-24T19:35:36.781658+00:00,META,SCALP-META-a559b102760ea62a486149c4,MICRO_PULLBACK,CONTEXT_ACCEPT,True,2026-09-24T19:35:08.120337+00:00,777.2650000000001,775.75,2026-09-24T19:35:00+00:00,PASS,0.424005,False,BLOCKED,776.45,775.75,777.614675,1.6638214285713206,0.7948840401296022,776.23,776.45,776.34,0.0002833809928639865,1.185661,-0.0011900703106405564,-0.00028330071082716124,-0.0002446782481037024,-0.00035410080928122145,-0.001080830695591839,-0.0003219341184224067,0.0007204648687043178,PULLBACK_RECLAIM,False,True,V2_ARMED_WAITING,776.2,-0.0008216923166336487,776.35,-0.0006286019453989322,775.94,-0.0011563822934408385,775.66,-0.0015168176530793165,775.24,-0.0020574706925369224,-0.0006028565625676441,-0.0022376883723560503,6.023605,166.542858
2026-09-24T19:35:40.069305+00:00,2026-09-24T19:35:39.220760+00:00,AMD,SCALP-AMD-15e80cc8685e1d330437e38f,EMA9_CONTINUATION,CONTEXT_ACCEPT,True,2026-09-24T19:35:11.930668+00:00,627.96,625.578517991133,2026-09-24T19:35:00+00:00,PASS,0.505135,False,BLOCKED,628.04,626.2047227138469,628.8000000000001,0.41410636187465727,0.17216283688263234,627.91,628.04,627.9749999999999,0.00020701461045423062,0.848545,2.388687177501403e-05,-5.5731596630748115e-05,3.9812086949364556e-05,-0.00046954334919713236,-0.0002467642048621377,-0.00015128060530966714,0.00043970194189332687,EMA9_TURN_UP,False,True,V2_ARMED_WAITING,627.9,-0.0007226793390818775,627.89,-0.0007385939324988655,627.96,-0.0006271917785789505,627.84,-0.0008181668995845826,627.86,-0.0007863377127502735,-0.0005157896246592575,-0.0013274338889324167,19.939404,139.797809
2026-09-24T19:35:40.069305+00:00,2026-09-24T19:35:38.979446+00:00,META,SCALP-META-a559b102760ea62a486149c4,MICRO_PULLBACK,CONTEXT_ACCEPT,True,2026-09-24T19:35:08.120337+00:00,777.2650000000001,775.75,2026-09-24T19:35:00+00:00,PASS,0.424005,False,BLOCKED,776.45,775.75,777.614675,1.6638214285713206,0.7948840401296022,776.23,776.45,776.34,0.0002833809928639865,1.089859,-0.0011900703106405564,-6.440062339796437e-05,-0.00039271481822444887,-0.0001609860070961311,-0.0010615506359652471,0.00026393471642915944,0.0004764552499192331,PULLBACK_RECLAIM,False,True,V2_ARMED_WAITING,776.21,-0.0008088196252180602,776.3,-0.0006929654024773191,775.94,-0.0011563822934408385,775.62,-0.0015683084187418928,775.21,-0.002096088766783799,-0.0006028565625676441,-0.0022376883723560503,3.825817,164.34507
2026-09-24T19:35:41.987505+00:00,2026-09-24T19:35:40.387763+00:00,AAPL,SCALP-AAPL-71bf0b0ab61825087f5167e6,MICRO_PULLBACK,CONTEXT_ACCEPT,True,2026-09-24T19:35:08.120337+00:00,337.375,337.1301,2026-09-24T19:35:00+00:00,PASS,0.159823,False,BLOCKED,337.29,337.1301,337.79593500000004,3.164071294559233,1.984298980743262,337.27,337.29,337.28,5.9297912713587094e-05,1.599742,-0.0002815857725083637,7.412788542793258e-05,7.412788542793258e-05,8.895478131942802e-05,-0.00025195263290511694,7.412788542793258e-05,0.00016103681318204436,PULLBACK_RECLAIM,False,False,V2_ARMED_WAITING,337.33,-0.00038134200328798773,337.44,-5.537617641326875e-05,337.39,-0.000203542461356232,337.29,-0.0004998750312422695,337.33,-0.00038134200328798773,3.352359455277565e-05,-0.0005591415452196324,56.158275,0.0
2026-09-24T19:35:41.987505+00:00,2026-09-24T19:35:40.975611+00:00,AMD,SCALP-AMD-15e80cc8685e1d330437e38f,EMA9_CONTINUATION,CONTEXT_ACCEPT,True,2026-09-24T19:35:11.930668+00:00,627.96,625.578517991133,2026-09-24T19:35:00+00:00,PASS,0.505135,False,BLOCKED,628.04,626.2047227138469,628.8000000000001,0.41410636187465727,0.17216283688263234,627.91,628.04,627.9749999999999,0.00020701461045423062,1.011894,2.388687177501403e-05,-5.5731596630748115e-05,7.962163797392563e-06,-0.00032633958419581166,2.388687177501403e-05,-0.00011942890701166498,0.00037419249003765355,EMA9_TURN_UP,False,True,V2_ARMED_WAITING,628.03,-0.0005157896246592575,627.87,-0.0007704231193330635,627.98,-0.0005953625917447525,627.84,-0.0008181668995845826,627.8,-0.0008818252732529785,-0.0005157896246592575,-0.0013274338889324167,18.184553,138.042958
2026-09-24T19:35:41.987505+00:00,2026-09-24T19:35:40.988379+00:00,META,SCALP-META-a559b102760ea62a486149c4,MICRO_PULLBACK,CONTEXT_ACCEPT,True,2026-09-24T19:35:08.120337+00:00,777.2650000000001,775.75,2026-09-24T19:35:00+00:00,PASS,0.451608,False,BLOCKED,776.54,775.75,777.70481,1.4744430379747513,0.755087513684173,776.36,776.54,776.45,0.0002318243286753171,0.999126,-0.0010485484358616626,0.0001352491482524698,-0.0002510799657500229,-0.00010302242025406194,-0.0003797900211780503,0.0005215260186371973,0.0003944015353866125,PULLBACK_RECLAIM,False,True,V2_ARMED_WAITING,776.21,-0.0009246246143154169,776.36,-0.0007315566220094105,776.0,-0.0011949198035438036,775.62,-0.0016840253840524344,775.21,-0.002211744563022089,-0.0007186854225224026,-0.0023533277573799527,1.816884,162.336137
2026-09-24T19:35:43.953862+00:00,2026-09-24T19:35:43.458810+00:00,AAPL,SCALP-AAPL-71bf0b0ab61825087f5167e6,MICRO_PULLBACK,CONTEXT_ACCEPT,True,2026-09-24T19:35:08.120337+00:00,337.375,337.1301,2026-09-24T19:35:00+00:00,PASS,0.159824,False,BLOCKED,337.31,337.1301,337.815965,2.8124791550865487,1.7638099336080897,337.29,337.31,337.3,5.9294396679459854e-05,0.495052,-0.00022230455724336906,4.4472775249548846e-05,0.00013343019377032306,0.00016308618363503058,-1.4823379434036887e-05,-4.4480687263925844e-05,0.0001683758541130249,PULLBACK_RECLAIM,False,False,V2_ARMED_WAITING,337.33,-0.0004406120313331652,337.45,-8.503403187787306e-05,337.39,-0.0002628230316054081,337.28,-0.0005887695311062036,337.31,-0.0004998750312421585,-2.5771031968435665e-05,-0.0006184010310607002,53.087228,119.718011
2026-09-24T19:35:43.953862+00:00,2026-09-24T19:35:42.739641+00:00,AMD,SCALP-AMD-15e80cc8685e1d330437e38f,EMA9_CONTINUATION,CONTEXT_ACCEPT,True,2026-09-24T19:35:11.930668+00:00,627.96,625.578517991133,2026-09-24T19:35:00+00:00,PASS,0.514702,False,BLOCKED,627.95,626.2047227138469,628.8,0.48702862676532926,0.2670183711752918,627.88,627.95,627.915,0.00011148005701416597,1.214221,-7.166061532593027e-05,-0.00015127147656890383,-8.758380177409375e-05,-5.573692172955447e-05,-7.166061532593027e-05,-0.0002149687869498207,0.00038619801367383206,EMA9_TURN_UP,False,True,V2_ARMED_WAITING,628.03,-0.0003725400364218423,628.03,-0.0003725400364218423,627.98,-0.0004521244081845399,627.84,-0.0006749606491204263,627.95,-0.0004998750312422695,-0.0003725400364218423,-0.0011843006284022461,16.420523,136.278928
2026-09-24T19:35:43.953862+00:00,2026-09-24T19:35:42.805263+00:00,META,SCALP-META-a559b102760ea62a486149c4,MICRO_PULLBACK,CONTEXT_ACCEPT,True,2026-09-24T19:35:08.120337+00:00,777.2650000000001,775.75,2026-09-24T19:35:00+00:00,PASS,0.453917,False,BLOCKED,776.54,775.75,777.70481,1.4744430379747513,0.7677485946556578,776.37,776.54,776.4549999999999,0.00021894378940178,1.148599,-0.0010421156233718643,0.00014813097354249294,-0.00013521170289487738,-0.00023176910646582893,-0.0003733529021752169,0.0004314316843696542,0.00039445410266424297,PULLBACK_RECLAIM,False,True,V2_ARMED_WAITING,776.22,-0.000911753414828298,776.36,-0.0007315566220094105,776.0,-0.0011949198035438036,775.65,-0.0016454117855912997,775.06,-0.0024048125553283173,-0.0007186854225224026,-0.0023533277573799527,0.0,160.519253
2026-09-24T19:35:46.012952+00:00,2026-09-24T19:35:45.222210+00:00,AAPL,SCALP-AAPL-71bf0b0ab61825087f5167e6,MICRO_PULLBACK,CONTEXT_ACCEPT,True,2026-09-24T19:35:08.120337+00:00,337.375,337.1301,2026-09-24T19:35:00+00:00,PASS,0.159824,False,BLOCKED,337.31,337.1301,337.815965,2.8124791550865487,1.7638099336080897,337.29,337.31,337.3,5.9294396679459854e-05,0.790742,-0.00022230455724336906,4.4472775249548846e-05,0.00013343019377032306,0.00013343019377032306,-1.4823379434036887e-05,-4.4480687263925844e-05,0.0001683758541130249,PULLBACK_RECLAIM,False,False,V2_ARMED_WAITING,337.33,-0.0004406120313331652,337.45,-8.503403187787306e-05,337.42,-0.00017392853174158507,337.28,-0.0005887695311062036,337.27,-0.0006184010310607002,-2.5771031968435665e-05,-0.0006184010310607002,51.323828,117.954611
2026-09-24T19:35:46.012952+00:00,2026-09-24T19:35:45.412557+00:00,AMD,SCALP-AMD-15e80cc8685e1d330437e38f,EMA9_CONTINUATION,CONTEXT_ACCEPT,True,2026-09-24T19:35:11.930668+00:00,627.96,625.578517991133,2026-09-24T19:35:00+00:00,PASS,0.514728,False,BLOCKED,627.82,626.2047227138469,628.7617300000001,0.5830144508765772,0.3453376718485495,627.75,627.82,627.7850000000001,0.000111503141999331,0.600395,-0.0002786801707114206,-0.0003025598152790465,-0.0003582745497682227,-0.00026275977386724936,-0.0005412935323382273,-0.0002468282186482984,0.00040700409940602403,EMA9_TURN_UP,False,True,V2_ARMED_WAITING,627.91,-0.0003565934995181097,627.89,-0.00038843383990105895,627.99,-0.00022923213798520248,627.84,-0.0004680346908590982,628.07,-0.00010187077645229525,-0.0001655514572188599,-0.000977480136990283,13.747607,133.606012
2026-09-24T19:35:46.012952+00:00,2026-09-24T19:35:45.777079+00:00,META,SCALP-META-a559b102760ea62a486149c4,MICRO_PULLBACK,CONTEXT_ACCEPT,True,2026-09-24T19:35:08.120337+00:00,777.2650000000001,775.75,2026-09-24T19:35:00+00:00,PASS,0.397103,False,BLOCKED,776.42,775.75,777.58463,1.7382537313433897,0.6960568672166683,776.11,776.42,776.265,0.0003993481607440055,0.235873,-0.0012865624979898627,-9.660715665826825e-05,-0.00010304697009710928,-0.000489284035820714,-0.00039275274604988475,-9.016672102724055e-05,0.0004576692330122294,PULLBACK_RECLAIM,False,True,V2_ARMED_WAITING,776.34,-0.0006028605416584787,776.36,-0.0005771141640543709,776.05,-0.0009761830169180419,775.66,-0.001478237380197922,775.08,-0.0022248823307168264,-0.0005771141640543709,-0.0022506287083210452,27.090763,179.862588
2026-09-24T19:35:47.975617+00:00,2026-09-24T19:35:47.377173+00:00,AAPL,SCALP-AAPL-71bf0b0ab61825087f5167e6,MICRO_PULLBACK,CONTEXT_ACCEPT,True,2026-09-24T19:35:08.120337+00:00,337.375,337.1301,2026-09-24T19:35:00+00:00,PASS,0.159824,False,BLOCKED,337.31,337.1301,337.815965,2.8124791550865487,1.7638099336080897,337.29,337.31,337.3,5.9294396679459854e-05,0.598444,-0.00022230455724336906,5.92979127136406e-05,4.4472775249548846e-05,0.00013343019377032306,-1.4823379434036887e-05,7.412217113011987e-05,0.0001683758541130249,PULLBACK_RECLAIM,False,False,V2_ARMED_WAITING,337.33,-0.0004406120313331652,337.45,-8.503403187787306e-05,337.42,-0.00017392853174158507,337.28,-0.0005887695311062036,337.27,-0.0006184010310607002,-2.5771031968435665e-05,-0.0006184010310607002,49.168865,115.799648
2026-09-24T19:35:47.975617+00:00,2026-09-24T19:35:46.894114+00:00,META,SCALP-META-a559b102760ea62a486149c4,MICRO_PULLBACK,CONTEXT_ACCEPT,True,2026-09-24T19:35:08.120337+00:00,777.2650000000001,775.75,2026-09-24T19:35:00+00:00,PASS,0.397371,False,BLOCKED,776.41,775.75,777.574615,1.7645681818182668,0.721745499594507,776.11,776.41,776.26,0.0003864684512920343,1.081503,-0.001292995310479883,-0.00024470345804628035,-0.00010304763376878245,-0.00038631915112796733,-0.00040562727360526907,-0.0003863939544782591,0.0004576692691915057,PULLBACK_RECLAIM,False,True,V2_ARMED_WAITING,776.34,-0.0005899885134845739,776.36,-0.0005642418042725028,776.05,-0.0009633157970603268,775.66,-0.0014653766266964352,775.08,-0.002212031193847608,-0.0005642418042725028,-0.00223777790305979,25.973728,178.745553
2026-09-24T19:35:49.998501+00:00,2026-09-24T19:35:48.962597+00:00,AAPL,SCALP-AAPL-71bf0b0ab61825087f5167e6,MICRO_PULLBACK,CONTEXT_ACCEPT,True,2026-09-24T19:35:08.120337+00:00,337.375,337.1301,2026-09-24T19:35:00+00:00,PASS,0.159824,False,BLOCKED,337.32,337.1301,337.82598,2.664454976303795,1.6709816064965077,337.3,337.32,337.31,5.929263881883671e-05,1.035904,-0.00019266394961092725,2.964719833964402e-05,7.41212920825074e-05,0.00016308134794140727,4.447145673669439e-05,-1.4825576909904825e-05,0.00017096603352034824,PULLBACK_RECLAIM,False,False,V2_ARMED_WAITING,337.36,-0.00038135254517923656,337.44,-0.0001443075730533927,337.42,-0.00020356881608485367,337.28,-0.0006183975173051914,337.29,-0.0005887668957893499,-5.541570850609023e-05,-0.0006480281388209219,47.583441,114.214224
2026-09-24T19:35:49.998501+00:00,2026-09-24T19:35:49.600991+00:00,AMD,SCALP-AMD-15e80cc8685e1d330437e38f,EMA9_CONTINUATION,CONTEXT_ACCEPT,True,2026-09-24T19:35:11.930668+00:00,627.96,625.578517991133,2026-09-24T19:35:00+00:00,PASS,0.501988,False,BLOCKED,627.84,626.2047227138469,628.7817600000001,0.5759023304331508,0.2921963653059211,627.69,627.84,627.7650000000001,0.000238942916537203,0.39751,-0.000310529333078402,-0.00023888583645859107,-0.0003344082168873497,-0.0003901211764142376,-0.0007640331399373368,-0.0001433406316336816,0.00040583812449704765,EMA9_TURN_UP,False,True,V2_ARMED_WAITING,627.89,-0.00042027671598920957,627.9,-0.0004043570529387308,627.93,-0.0003565980637870725,627.92,-0.00037251772683755124,628.15,-6.365476673764192e-06,-6.365476673764192e-06,-0.0010093042488614756,179.47459,129.417578
2026-09-24T19:35:49.998501+00:00,2026-09-24T19:35:49.041627+00:00,META,SCALP-META-a559b102760ea62a486149c4,MICRO_PULLBACK,CONTEXT_ACCEPT,True,2026-09-24T19:35:08.120337+00:00,777.2650000000001,775.75,2026-09-24T19:35:00+00:00,PASS,0.397639,False,BLOCKED,776.4,775.75,777.5646,1.7916923076923703,0.7482243533177617,776.11,776.4,776.255,0.0003735885759189488,0.956874,-0.0012994281229697924,-0.0002575809287079789,-0.00010948811087929666,-0.00017388168317467034,-0.00040562988526471333,-0.0004057119022504718,0.0004540316935986888,PULLBACK_RECLAIM,False,True,V2_ARMED_WAITING,776.35,-0.0005642426333138939,776.27,-0.0006672307966285596,776.0,-0.0010148158478154867,775.66,-0.0014525155419027325,774.97,-0.002340788450491682,-0.0005513691128994358,-0.0022249267667627803,23.826215,176.59804
2026-09-24T19:35:52.119178+00:00,2026-09-24T19:35:50.766958+00:00,AMD,SCALP-AMD-15e80cc8685e1d330437e38f,EMA9_CONTINUATION,CONTEXT_ACCEPT,True,2026-09-24T19:35:11.930668+00:00,627.96,625.578517991133,2026-09-24T19:35:00+00:00,PASS,0.503584,False,BLOCKED,627.82,626.2047227138469,628.7617300000001,0.5830144508765772,0.3019942104500117,627.68,627.82,627.75,0.00022301871764253292,1.35222,-0.00033441620485386014,-1.592965464503049e-05,-0.00035829451809377133,-0.0004140061463989708,-0.0008276696324828192,0.00032644066264453375,0.00038046657002177684,EMA9_TURN_UP,False,True,V2_ARMED_WAITING,627.89,-0.00038843383990105895,627.89,-0.00038843383990105895,627.99,-0.00022923213798520248,627.92,-0.00034067332932641303,628.15,2.5490585080278905e-05,2.5490585080278905e-05,-0.000977480136990283,178.308623,128.251611
2026-09-24T19:35:52.119178+00:00,2026-09-24T19:35:51.346124+00:00,META,SCALP-META-a559b102760ea62a486149c4,MICRO_PULLBACK,CONTEXT_ACCEPT,True,2026-09-24T19:35:08.120337+00:00,777.2650000000001,775.75,2026-09-24T19:35:00+00:00,PASS,0.400483,False,BLOCKED,776.38,775.75,777.54457,1.848523809523823,0.8195816782966746,776.12,776.38,776.25,0.0003349436392914537,0.773054,-0.0013058609354597017,-1.932329810050426e-05,-0.0002575825874171489,-0.0001223682769903034,-0.0004699883468642918,0.00021894059526039733,0.00041095125074799995,PULLBACK_RECLAIM,False,True,V2_ARMED_WAITING,776.35,-0.0005384965873733716,776.21,-0.0007187305159851443,775.94,-0.001066324521164952,775.59,-0.0015169093426944391,774.97,-0.002315088169403845,-0.0005256227353296339,-0.002315088169403845,21.521718,177.895653
2026-09-24T19:35:54.038757+00:00,2026-09-24T19:35:53.764961+00:00,AAPL,SCALP-AAPL-71bf0b0ab61825087f5167e6,MICRO_PULLBACK,CONTEXT_ACCEPT,True,2026-09-24T19:35:08.120337+00:00,337.375,337.1301,2026-09-24T19:35:00+00:00,PASS,0.159824,False,BLOCKED,337.32,337.1301,337.82598,2.664454976303795,1.6709816064965077,337.3,337.32,337.31,5.929263881883671e-05,0.273796,-0.00019266394961092725,2.964719833964402e-05,2.964719833964402e-05,7.41212920825074e-05,5.929615464439486e-05,2.964719833964402e-05,0.00012225180239208003,PULLBACK_RECLAIM,False,False,V2_ARMED_WAITING,337.44,-0.0001443075730533927,337.46,-8.504633002193174e-05,337.44,-0.0001443075730533927,337.31,-0.000529505652757889,337.26,-0.0006776587603366524,-5.541570850609023e-05,-0.0006480281388209219,42.781077,109.41186
2026-09-24T19:35:54.038757+00:00,2026-09-24T19:35:52.528431+00:00,META,SCALP-META-a559b102760ea62a486149c4,MICRO_PULLBACK,CONTEXT_ACCEPT,True,2026-09-24T19:35:08.120337+00:00,777.2650000000001,775.75,2026-09-24T19:35:00+00:00,PASS,0.418953,False,BLOCKED,776.38,775.75,777.54457,1.848523809523823,0.9466017960479141,776.2,776.38,776.29,0.00023187210964967987,1.510326,-0.001254398435540205,3.86468451292199e-05,-0.00020606606993378573,-6.440477110558618e-05,-0.0004184827746052111,0.00028335030317550025,0.00041416934920010095,PULLBACK_RECLAIM,False,True,V2_ARMED_WAITING,776.35,-0.0005384965873733716,776.0,-0.0009890814089027478,775.94,-0.001066324521164952,775.41,-0.0017486386794810516,774.97,-0.002315088169403845,-0.0005256227353296339,-0.002315088169403845,20.339411,176.713346
2026-09-24T19:35:55.980107+00:00,2026-09-24T19:35:54.685856+00:00,AAPL,SCALP-AAPL-71bf0b0ab61825087f5167e6,MICRO_PULLBACK,CONTEXT_ACCEPT,True,2026-09-24T19:35:08.120337+00:00,337.375,337.1301,2026-09-24T19:35:00+00:00,PASS,0.166001,False,BLOCKED,337.35,337.1301,337.85602500000005,2.3011596180082323,1.4431532838849896,337.33,337.35,337.34000000000003,5.9287365862449315e-05,1.294251,-0.00010374212671349081,8.893895822836839e-05,0.00011858879335902017,0.00016306684258138304,0.0002668643439585061,5.929175988872437e-05,0.00015045210940873072,PULLBACK_RECLAIM,False,False,V2_ARMED_WAITING,337.44,-0.00023322315263785143,337.46,-0.0001739671796147091,337.44,-0.00023322315263785143,337.31,-0.0006183869772885542,337.26,-0.0007665269098466876,-0.00014433919310297139,-0.0007368989233350609,41.860182,108.490965
2026-09-24T19:35:55.980107+00:00,2026-09-24T19:35:54.699781+00:00,AMD,SCALP-AMD-15e80cc8685e1d330437e38f,EMA9_CONTINUATION,CONTEXT_ACCEPT,True,2026-09-24T19:35:11.930668+00:00,627.96,625.578517991133,2026-09-24T19:35:00+00:00,PASS,0.509917,False,BLOCKED,628.0,626.2047227138469,628.8,0.4456136142145599,0.21500413365652368,627.9,628.0,627.95,0.0001592483477984278,1.280326,-1.5924581183490716e-05,0.0002946962637291328,5.574002850727844e-05,-3.9810502010184656e-05,-0.0005093351584508632,0.0005335821001877239,0.0004962455073809301,EMA9_TURN_UP,True,True,V2_TRIGGER_GEOMETRY_BLOCKED,627.87,-0.0007067779233534965,628.01,-0.000483959424156688,627.93,-0.0006112842808407848,627.9,-0.0006590311020971962,628.15,-0.00026114092495999053,-0.00026114092495999053,-0.0012638241713457399,174.3758,124.318788
2026-09-24T19:35:55.980107+00:00,2026-09-24T19:35:54.792120+00:00,META,SCALP-META-a559b102760ea62a486149c4,MICRO_PULLBACK,CONTEXT_ACCEPT,True,2026-09-24T19:35:08.120337+00:00,777.2650000000001,775.75,2026-09-24T19:35:00+00:00,PASS,0.4226,False,BLOCKED,776.33,775.75,777.494495,2.0077499999998585,1.131587456683798,776.21,776.33,776.27,0.00015458538910431235,1.187987,-0.0012801296854999533,1.932354703026995e-05,-0.00023826235905488602,-9.016667954764301e-05,-0.0003348228658262009,0.00027690447573824883,0.0003832865428072608,PULLBACK_RECLAIM,False,True,V2_ARMED_WAITING,776.3,-0.0005384990748179552,776.0,-0.0009247395105740353,775.95,-0.0009891129165333634,775.28,-0.0018517165563890492,775.0,-0.002212207629761598,-0.0004612509876665838,-0.0022508316733370615,18.075722,174.449657
2026-09-24T19:35:58.055593+00:00,2026-09-24T19:35:57.209675+00:00,AAPL,SCALP-AAPL-71bf0b0ab61825087f5167e6,MICRO_PULLBACK,CONTEXT_ACCEPT,True,2026-09-24T19:35:08.120337+00:00,337.375,337.1301,2026-09-24T19:35:00+00:00,PASS,0.166001,False,BLOCKED,337.35,337.1301,337.85602500000005,2.3011596180082323,1.4431532838849896,337.33,337.35,337.34000000000003,5.9287365862449315e-05,0.845918,-0.00010374212671349081,8.893895822836839e-05,0.00011858879335902017,0.00017789373814069975,0.000252034810455104,5.929175988872437e-05,0.00014750134332219722,PULLBACK_RECLAIM,False,False,V2_ARMED_WAITING,337.45,-0.00020359516612633577,337.45,-0.00020359516612633577,337.42,-0.0002924791256611048,337.33,-0.0005591310042655229,337.28,-0.0007072709368235452,-0.00014433919310297139,-0.0007665269098466876,39.336363,177.934127
2026-09-24T19:35:58.055593+00:00,2026-09-24T19:35:56.326163+00:00,META,SCALP-META-a559b102760ea62a486149c4,MICRO_PULLBACK,CONTEXT_ACCEPT,True,2026-09-24T19:35:08.120337+00:00,777.2650000000001,775.75,2026-09-24T19:35:00+00:00,PASS,0.422064,False,BLOCKED,776.35,775.75,777.514525,1.9408749999999264,1.0605622928152898,776.21,776.35,776.28,0.00018034729736691188,1.72943,-0.0012672640605200236,3.220591171704257e-05,1.932329810050426e-05,-0.00021894519930465428,-0.0003219450632944154,4.508811045067507e-05,0.00038350296322657644,PULLBACK_RECLAIM,False,True,V2_ARMED_WAITING,776.36,-0.00048700068172236044,775.95,-0.0010148490120336362,775.95,-0.0010148490120336362,775.44,-0.0016714408375428924,775.0,-0.0022379122164136733,-0.00048700068172236044,-0.0022765352649729564,16.541679,172.915614
2026-09-24T19:35:59.983347+00:00,2026-09-24T19:35:59.160164+00:00,AMD,SCALP-AMD-15e80cc8685e1d330437e38f,EMA9_CONTINUATION,CONTEXT_ACCEPT,True,2026-09-24T19:35:11.930668+00:00,627.96,625.578517991133,2026-09-24T19:35:00+00:00,PASS,0.514672,False,BLOCKED,628.1,626.2047227138469,628.8,0.36933909624417843,0.16670178102066352,628.03,628.1,628.065,0.00011145343236774858,0.823183,0.00016720810242687456,0.0005017921146954762,0.0004858544666752618,0.00023888583645881312,0.00018313559996818718,0.0005177217693405067,0.00042418557953068846,EMA9_TURN_UP,True,True,V2_TRIGGER_GEOMETRY_BLOCKED,627.91,-0.0008022234212187174,627.94,-0.0007544842017485065,628.0,-0.0006590057628088619,627.55,-0.0013750940548579171,628.29,-0.00019752664126626573,-0.00042030966545913984,-0.001422833274327684,169.915417,119.858405
2026-09-24T19:35:59.983347+00:00,2026-09-24T19:35:59.234559+00:00,META,SCALP-META-a559b102760ea62a486149c4,MICRO_PULLBACK,CONTEXT_ACCEPT,True,2026-09-24T19:35:08.120337+00:00,777.2650000000001,775.75,2026-09-24T19:35:00+00:00,PASS,0.423302,False,BLOCKED,776.39,775.75,777.554585,1.8196640625000389,0.9474552909094239,776.22,776.39,776.3050000000001,0.00021898609438295393,0.748788,-0.0012350999980702548,1.9322675804289702e-05,6.441182343430718e-05,-0.00019318569653081763,-0.0004377804531026097,-2.576560059974753e-05,0.0003687379163689634,PULLBACK_RECLAIM,False,True,V2_ARMED_WAITING,776.36,-0.0005384960899228464,775.9,-0.0011306856563595424,775.74,-0.0013366646359895817,775.5,-0.0016456331054345297,775.05,-0.0022249489856442928,-0.0005384960899228464,-0.0023279384754593124,13.633283,170.007218
2026-09-24T19:36:02.131107+00:00,2026-09-24T19:36:00.866641+00:00,AAPL,SCALP-AAPL-71bf0b0ab61825087f5167e6,MICRO_PULLBACK,CONTEXT_ACCEPT,True,2026-09-24T19:35:08.120337+00:00,337.375,337.1301,2026-09-24T19:35:00+00:00,PASS,0.166001,False,BLOCKED,337.35,337.1301,337.85602500000005,2.3011596180082323,1.4431532838849896,337.33,337.35,337.34000000000003,5.9287365862449315e-05,1.264466,-0.00010374212671349081,0.0,8.893895822836839e-05,0.00011858879335902017,0.000252034810455104,-8.893895822836839e-05,0.00014524801528153147,PULLBACK_RECLAIM,False,False,V2_ARMED_WAITING,337.45,-0.00020359516612633577,337.44,-0.00023322315263785143,337.42,-0.0002924791256611048,337.33,-0.0005591310042655229,337.28,-0.0007072709368235452,-0.00014433919310297139,-0.0007665269098466876,35.679397,174.277161
2026-09-24T19:36:02.131107+00:00,2026-09-24T19:36:01.261072+00:00,META,SCALP-META-a559b102760ea62a486149c4,MICRO_PULLBACK,CONTEXT_ACCEPT,True,2026-09-24T19:35:08.120337+00:00,777.2650000000001,775.75,2026-09-24T19:35:00+00:00,PASS,0.448864,False,BLOCKED,776.47,775.75,777.634705,1.6176458333332722,0.8978598840345792,776.34,776.47,776.405,0.00016743838589395414,0.870035,-0.0011064437482712908,0.0001739085627423531,0.00019323547030292154,0.00018035078227152113,-0.0003090214963078486,0.00015458501571208316,0.00039059063643441197,PULLBACK_RECLAIM,False,False,V2_ARMED_WAITING,776.36,-0.0006414709895491422,776.0,-0.001104875944008099,775.74,-0.0014395573000063333,775.67,-0.001529663818928939,775.06,-0.0023148777695399803,-0.0006414709895491422,-0.002430729008154553,11.60677,167.980705
2026-09-24T19:36:04.001187+00:00,2026-09-24T19:36:03.455768+00:00,AAPL,SCALP-AAPL-71bf0b0ab61825087f5167e6,MICRO_PULLBACK,CONTEXT_ACCEPT,True,2026-09-24T19:35:08.120337+00:00,337.375,337.1301,2026-09-24T19:35:00+00:00,PASS,0.166001,False,BLOCKED,337.35,337.1301,337.85602500000005,2.3011596180082323,1.4431532838849896,337.33,337.35,337.34000000000003,5.9287365862449315e-05,0.545419,-0.00010374212671349081,1.4822061155994604e-05,8.893895822836839e-05,0.00011858879335902017,0.000252034810455104,-5.929373736757171e-05,0.00011386165391069103,PULLBACK_RECLAIM,False,False,V2_ARMED_WAITING,337.44,-0.00023322315263785143,337.44,-0.00023322315263785143,337.42,-0.0002924791256611048,337.34,-0.0005295030177540072,337.28,-0.0007072709368235452,-0.00014433919310297139,-0.0007665269098466876,33.09027,171.688034
2026-09-24T19:36:04.001187+00:00,2026-09-24T19:36:02.161380+00:00,AMD,SCALP-AMD-15e80cc8685e1d330437e38f,EMA9_CONTINUATION,CONTEXT_ACCEPT,True,2026-09-24T19:35:11.930668+00:00,627.96,625.578517991133,2026-09-24T19:35:00+00:00,PASS,0.498769,False,BLOCKED,628.04,626.2047227138469,628.8000000000001,0.41410636187465727,0.15036255876924712,627.87,628.04,627.9549999999999,0.0002707200356712807,1.839807,-7.962290591967403e-06,-7.16560509554931e-05,0.00032656312226198025,0.00031062826557914924,-2.3886491393065867e-05,-0.00046990376103117626,0.00043742568192904337,EMA9_TURN_UP,False,False,V2_ARMED_WAITING,627.89,-0.0007385939324988655,627.93,-0.0006749355588305805,627.75,-0.0009613982403386956,627.54,-0.0012956047020981076,628.15,-0.00032481450365384745,-0.00010201019581423942,-0.0013274338889324167,177.598166,116.857189
2026-09-24T19:36:04.001187+00:00,2026-09-24T19:36:03.295525+00:00,META,SCALP-META-a559b102760ea62a486149c4,MICRO_PULLBACK,CONTEXT_ACCEPT,True,2026-09-24T19:35:08.120337+00:00,777.2650000000001,775.75,2026-09-24T19:35:00+00:00,PASS,0.448864,False,BLOCKED,776.47,775.75,777.634705,1.6176458333332722,0.8978598840345792,776.34,776.47,776.405,0.00016743838589395414,0.705662,-0.0011064437482712908,0.00016102437264908787,0.00014814051449851817,0.0001867930847911925,1.93201870193338e-05,0.0001739061565184663,0.000318242357265672,PULLBACK_RECLAIM,False,False,V2_ARMED_WAITING,776.27,-0.0007573222281639369,776.0,-0.001104875944008099,775.89,-0.0012464719023150828,775.67,-0.001529663818928939,775.06,-0.0023148777695399803,-0.0006414709895491422,-0.002430729008154553,9.572317,165.946252
2026-09-24T19:36:06.108020+00:00,2026-09-24T19:36:04.608407+00:00,AAPL,SCALP-AAPL-71bf0b0ab61825087f5167e6,MICRO_PULLBACK,CONTEXT_ACCEPT,True,2026-09-24T19:35:08.120337+00:00,337.375,337.1301,2026-09-24T19:35:00+00:00,PASS,0.17942,False,BLOCKED,337.37,337.1301,337.876055,2.109441433931004,1.3646096364844056,337.36,337.37,337.365,2.9641486224092316e-05,1.499613,-2.9640607632441807e-05,8.893236693507944e-05,0.0001630547567519347,0.0001630547567519347,0.0003261626958830366,1.4816568411513131e-05,0.00013585525695395873,PULLBACK_RECLAIM,False,False,V2_ARMED_WAITING,337.46,-0.0002332389603196816,337.43,-0.0003221176506271739,337.42,-0.00035174388072978235,337.34,-0.0005887537215499838,337.28,-0.0007665111021650794,-0.00020361273021696213,-0.0008257635623700743,31.937631,170.535395
2026-09-24T19:36:06.108020+00:00,2026-09-24T19:36:04.932408+00:00,META,SCALP-META-a559b102760ea62a486149c4,MICRO_PULLBACK,CONTEXT_ACCEPT,True,2026-09-24T19:35:08.120337+00:00,777.2650000000001,775.75,2026-09-24T19:35:00+00:00,PASS,0.418406,False,BLOCKED,776.55,775.75,777.714825,1.4560312500000827,0.720655302176699,776.35,776.55,776.45,0.00025758258741700275,1.175612,-0.0010485484358616626,0.00018678225697366102,0.00023187808365654483,0.00025120611139395344,7.72807480777793e-05,0.00014169485181803054,0.0003234771936172107,PULLBACK_RECLAIM,False,False,V2_ARMED_WAITING,776.21,-0.0009374901783535394,776.0,-0.001207781886863546,775.74,-0.0015424287640664058,775.67,-0.001632526000236445,775.06,-0.0024176590582892787,-0.0007444246722749792,-0.0025334983619363927,7.935434,164.309369
2026-09-24T19:36:08.034963+00:00,2026-09-24T19:36:07.154118+00:00,AAPL,SCALP-AAPL-71bf0b0ab61825087f5167e6,MICRO_PULLBACK,CONTEXT_ACCEPT,True,2026-09-24T19:35:08.120337+00:00,337.375,337.1301,2026-09-24T19:35:00+00:00,PASS,0.172378,False,BLOCKED,337.37,337.1301,337.876055,2.109441433931004,1.3646096364844056,337.36,337.37,337.365,2.9641486224092316e-05,0.880845,-2.9640607632441807e-05,7.410920732775494e-05,7.410920732775494e-05,0.0001630547567519347,0.0003261626958830366,7.410920732775494e-05,0.00013585525695395873,PULLBACK_RECLAIM,False,False,V2_ARMED_WAITING,337.46,-0.0002332389603196816,337.46,-0.0002332389603196816,337.36,-0.0005295012613447669,337.29,-0.00073688487206236,337.29,-0.00073688487206236,-0.00020361273021696213,-0.0008257635623700743,29.39192,167.989684
2026-09-24T19:36:08.034963+00:00,2026-09-24T19:36:07.547768+00:00,META,SCALP-META-a559b102760ea62a486149c4,MICRO_PULLBACK,CONTEXT_ACCEPT,True,2026-09-24T19:35:08.120337+00:00,777.2650000000001,775.75,2026-09-24T19:35:00+00:00,PASS,0.419744,False,BLOCKED,776.5,775.75,777.66475,1.553,0.8353140140172673,776.35,776.5,776.425,0.00019319316096207267,0.487195,-0.0010807124983115424,2.5759751675957787e-05,0.0001867882722728087,0.00017390408223727505,0.00010948811087918564,-0.00013526462097313008,0.0003250118696490943,PULLBACK_RECLAIM,False,False,V2_ARMED_WAITING,776.0,-0.0011434681574294947,775.94,-0.0012206993325719617,775.74,-0.0014781365830468518,775.76,-0.0014523928579993628,775.06,-0.002353423234661589,-0.0006800811065746926,-0.0024692699973751786,5.320074,161.694009
2026-09-24T19:36:10.018816+00:00,2026-09-24T19:36:08.297373+00:00,AAPL,SCALP-AAPL-71bf0b0ab61825087f5167e6,MICRO_PULLBACK,CONTEXT_ACCEPT,True,2026-09-24T19:35:08.120337+00:00,337.375,337.1301,2026-09-24T19:35:00+00:00,PASS,0.200541,False,BLOCKED,337.43,337.1301,337.936145,1.687712570857067,1.0917967716537316,337.42,337.43,337.425,2.9636215455259406e-05,1.721443,0.00014820303816232006,0.00025197130491494413,0.0002667971008050163,0.0003409326732086715,0.0004150792356614197,0.00023714924375894952,0.0002233094928683561,PULLBACK_RECLAIM,True,False,V2_TRIGGER_GEOMETRY_BLOCKED,337.46,-0.0004110121448686055,337.46,-0.0004110121448686055,337.36,-0.0007072217661140412,337.29,-0.0009145685009858129,337.29,-0.0009145685009858129,-0.0003813911827439398,-0.001003431387359699,28.248665,166.846429
2026-09-24T19:36:10.018816+00:00,2026-09-24T19:36:09.558229+00:00,AMD,SCALP-AMD-15e80cc8685e1d330437e38f,EMA9_CONTINUATION,CONTEXT_ACCEPT,True,2026-09-24T19:35:11.930668+00:00,627.96,625.578517991133,2026-09-24T19:35:00+00:00,PASS,0.498766,False,BLOCKED,628.06,626.2047227138469,628.7999999999998,0.39886221079887124,0.13795619201511913,627.89,628.06,627.9749999999999,0.00027071141367086127,0.460587,2.388687177501403e-05,3.184941596123814e-05,-0.00014329727018724814,0.0003584229390678484,0.0,0.00020699052396777606,0.00043502827683398717,EMA9_TURN_UP,True,False,V2_TRIGGER_GEOMETRY_BLOCKED,628.01,-0.000579445464398809,627.96,-0.0006590158975554594,627.76,-0.0009772976301826164,627.84,-0.0008499849371318424,628.36,-2.2452432301589553e-05,-0.00013385103872110005,-0.0013592357093351604,170.201317,109.46034
2026-09-24T19:36:10.018816+00:00,2026-09-24T19:36:08.968528+00:00,META,SCALP-META-a559b102760ea62a486149c4,MICRO_PULLBACK,CONTEXT_ACCEPT,True,2026-09-24T19:35:08.120337+00:00,777.2650000000001,775.75,2026-09-24T19:35:00+00:00,PASS,0.409223,False,BLOCKED,776.5,775.75,777.66475,1.553,0.7686323201098484,776.3,776.5,776.4,0.0002575991756826964,1.050288,-0.0011128765607613111,-6.439937919044958e-06,0.00015458339774299112,0.00014169962256382895,7.728572532639255e-05,-0.00016746431056813282,0.00032660294243687854,PULLBACK_RECLAIM,False,False,V2_ARMED_WAITING,776.0,-0.0011434681574294947,775.94,-0.0012206993325719617,775.71,-0.0015167521706180853,775.72,-0.0015038803080943408,774.9,-0.00255937303504139,-0.0006800811065746926,-0.0024692699973751786,3.899314,160.273249
2026-09-24T19:36:12.062814+00:00,2026-09-24T19:36:11.098583+00:00,AAPL,SCALP-AAPL-71bf0b0ab61825087f5167e6,MICRO_PULLBACK,CONTEXT_ACCEPT,True,2026-09-24T19:35:08.120337+00:00,337.375,337.1301,2026-09-24T19:35:00+00:00,PASS,0.207581,False,BLOCKED,337.45,337.1301,337.95617500000003,1.582291341044267,1.0236006621686584,337.44,337.45,337.445,2.963445894883879e-05,0.964231,0.00020748425342720367,0.00023713188979290756,0.0003112586707771925,0.0003112586707771925,0.0004892077798861472,0.0001630226824651526,0.00022330272774637402,PULLBACK_RECLAIM,False,False,V2_ARMED_WAITING,337.46,-0.0004702558246941768,337.38,-0.0007072094770795845,337.36,-0.0007664478901759919,337.3,-0.0009441631294651032,337.33,-0.0008553055098207141,-0.00044063661814575106,-0.001062639955658029,25.447455,164.045219
2026-09-24T19:36:12.062814+00:00,2026-09-24T19:36:11.283021+00:00,AMD,SCALP-AMD-15e80cc8685e1d330437e38f,EMA9_CONTINUATION,CONTEXT_ACCEPT,True,2026-09-24T19:35:11.930668+00:00,627.96,625.578517991133,2026-09-24T19:35:00+00:00,PASS,0.498769,False,BLOCKED,628.04,626.2047227138469,628.8000000000001,0.41410636187465727,0.15036255876924712,627.87,628.04,627.9549999999999,0.0002707200356712807,0.779793,-7.962290591967403e-06,0.0,-7.96172005000928e-05,-7.16560509554931e-05,-3.1848401608303156e-05,7.96172005000928e-05,0.0004255996195547149,EMA9_TURN_UP,False,False,V2_ARMED_WAITING,628.01,-0.0005476188114934555,627.98,-0.0005953625917447525,627.69,-0.0010568858008411786,627.85,-0.0008022523061673725,628.36,9.391958105675613e-06,-0.00010201019581423942,-0.0013274338889324167,168.476525,107.735548
2026-09-24T19:36:12.062814+00:00,2026-09-24T19:36:10.090403+00:00,META,SCALP-META-a559b102760ea62a486149c4,MICRO_PULLBACK,CONTEXT_ACCEPT,True,2026-09-24T19:35:08.120337+00:00,777.2650000000001,775.75,2026-09-24T19:35:00+00:00,PASS,0.364484,False,BLOCKED,776.38,775.75,777.54457,1.848523809523823,1.1053585366581165,776.3,776.38,776.3399999999999,0.00010304763376876231,1.972411,-0.0011900703106407784,-0.00014167042307955402,4.5085372372799526e-05,9.017481031081687e-05,-1.1102230246251565e-16,-0.00032845268005321504,0.0003042456990779236,PULLBACK_RECLAIM,False,False,V2_ARMED_WAITING,776.0,-0.0009890814089027478,776.0,-0.0009890814089027478,775.71,-0.0013624231181700308,775.72,-0.0013495492661264041,774.9,-0.002405205133709787,-0.0005256227353296339,-0.002315088169403845,2.777439,159.151374
2026-09-24T19:36:14.120732+00:00,2026-09-24T19:36:12.500620+00:00,AAPL,SCALP-AAPL-71bf0b0ab61825087f5167e6,MICRO_PULLBACK,CONTEXT_ACCEPT,True,2026-09-24T19:35:08.120337+00:00,337.375,337.1301,2026-09-24T19:35:00+00:00,PASS,0.409311,False,BLOCKED,337.47,337.45352691853253,337.97620500000005,30.729223369582787,19.27201100556424,337.45,337.47,337.46000000000004,5.926628341148181e-05,1.620112,0.0002519451648759219,0.0002815941191292026,0.0003557241951739343,0.0003557241951739343,0.0005336812144214331,0.00020748491180144768,0.00022768412510025792,PULLBACK_RECLAIM,False,False,V2_ARMED_WAITING,337.45,-0.0005591099336023087,337.38,-0.0007664320918616685,337.34,-0.0008849018965814137,337.3,-0.0010033717013009369,337.33,-0.0009145193477613223,-0.0004998750312422695,-0.0011218415060207931,24.045418,162.643182
2026-09-24T19:36:14.120732+00:00,2026-09-24T19:36:13.065464+00:00,AMD,SCALP-AMD-15e80cc8685e1d330437e38f,EMA9_CONTINUATION,CONTEXT_ACCEPT,True,2026-09-24T19:35:11.930668+00:00,627.96,625.578517991133,2026-09-24T19:35:00+00:00,PASS,0.521045,False,BLOCKED,628.06,626.2047227138469,628.7999999999998,0.39886221079887124,0.21342862678594438,628.03,628.06,628.045,4.776727782240559e-05,1.055268,0.00013535894005967108,0.00014332237182612673,0.00014332237182612673,7.165605095527106e-05,0.00020703439159763803,0.00014332237182612673,0.00039851361222281023,EMA9_TURN_UP,True,False,V2_TRIGGER_GEOMETRY_BLOCKED,628.01,-0.000579445464398809,627.9,-0.0007545004173438175,627.69,-0.0010886962366020159,627.85,-0.0008340708505004679,628.36,-2.2452432301589553e-05,-0.00013385103872110005,-0.0013592357093351604,166.694082,105.953105
2026-09-24T19:36:14.120732+00:00,2026-09-24T19:36:12.867842+00:00,META,SCALP-META-a559b102760ea62a486149c4,MICRO_PULLBACK,CONTEXT_ACCEPT,True,2026-09-24T19:35:08.120337+00:00,777.2650000000001,775.75,2026-09-24T19:35:00+00:00,PASS,0.356703,False,BLOCKED,776.54,775.75,777.70481,1.4744430379747513,0.755087513684173,776.36,776.54,776.45,0.0002318243286753171,1.25289,-0.0010485484358616626,3.219886016037066e-05,5.7959441271071555e-05,0.00021899314680284832,-6.439523217549592e-06,6.43910848441287e-06,0.000229610894788455,PULLBACK_RECLAIM,False,False,V2_ARMED_WAITING,775.95,-0.001259275800979065,776.0,-0.0011949198035438036,775.65,-0.0016454117855912997,775.31,-0.002083032568151677,774.8,-0.0027394637419920764,-0.0007315566220094105,-0.0026107517471213315,0.0,177.224445
2026-09-24T19:36:16.090224+00:00,2026-09-24T19:36:14.876252+00:00,AAPL,SCALP-AAPL-71bf0b0ab61825087f5167e6,MICRO_PULLBACK,CONTEXT_ACCEPT,True,2026-09-24T19:35:08.120337+00:00,337.375,337.1301,2026-09-24T19:35:00+00:00,PASS,0.409311,False,BLOCKED,337.47,337.45352691853253,337.97620500000005,30.729223369582787,19.27201100556424,337.45,337.47,337.46000000000004,5.926628341148181e-05,1.213972,0.0002519451648759219,0.00010372675409353604,0.0002815941191292026,0.0003705515288958683,0.0004743551734360807,-7.412216325120013e-05,0.00022768412510025792,PULLBACK_RECLAIM,False,False,V2_ARMED_WAITING,337.45,-0.0005591099336023087,337.42,-0.0006479622871420343,337.34,-0.0008849018965814137,337.3,-0.0010033717013009369,337.34,-0.0008849018965814137,-0.0004998750312422695,-0.0011218415060207931,21.669786,160.26755
2026-09-24T19:36:16.090224+00:00,2026-09-24T19:36:14.801886+00:00,AMD,SCALP-AMD-15e80cc8685e1d330437e38f,EMA9_CONTINUATION,CONTEXT_ACCEPT,True,2026-09-24T19:35:11.930668+00:00,627.96,625.578517991133,2026-09-24T19:35:00+00:00,PASS,0.503542,False,BLOCKED,628.05,626.2047227138469,628.8,0.4064429804820928,0.16038749115285628,627.91,628.05,627.98,0.00022293703621132258,1.288338,3.184916236698143e-05,7.96210040232559e-06,3.9811769951825227e-05,-0.00013533631073225916,0.00010351719579881902,-2.3887315558912547e-05,0.0004117334978455492,EMA9_TURN_UP,False,False,V2_ARMED_WAITING,627.93,-0.0006908471114847048,627.9,-0.0007385901315453136,627.7,-0.0010568769319492244,627.84,-0.0008340761716664202,628.36,-6.530490616052376e-06,-6.530490616052376e-06,-0.0013433350523128773,178.348753,104.216683
2026-09-24T19:36:16.090224+00:00,2026-09-24T19:36:14.249544+00:00,META,SCALP-META-a559b102760ea62a486149c4,MICRO_PULLBACK,CONTEXT_ACCEPT,True,2026-09-24T19:35:08.120337+00:00,777.2650000000001,775.75,2026-09-24T19:35:00+00:00,PASS,0.385316,False,BLOCKED,776.5,775.75,777.66475,1.553,0.8486498375041504,776.36,776.5,776.4300000000001,0.00018031245572683481,1.84068,-0.001074279685821522,3.863987635255306e-05,3.219968959511377e-05,0.00016101918704625184,-3.219761608830307e-05,4.507981427159802e-05,0.00023105118675081766,PULLBACK_RECLAIM,False,False,V2_ARMED_WAITING,775.9,-0.0012721867826670508,776.0,-0.0011434681574294947,775.63,-0.0016197270708081524,775.31,-0.0020316266715679765,774.87,-0.0025979886226126236,-0.0006800811065746926,-0.002688091660278946,0.0,179.297233
2026-09-24T19:36:18.031611+00:00,2026-09-24T19:36:17.555019+00:00,AAPL,SCALP-AAPL-71bf0b0ab61825087f5167e6,MICRO_PULLBACK,CONTEXT_ACCEPT,True,2026-09-24T19:35:08.120337+00:00,337.375,337.1301,2026-09-24T19:35:00+00:00,PASS,0.414006,False,BLOCKED,337.47,337.45352691853253,337.97620500000005,30.729223369582787,19.27201100556424,337.45,337.47,337.46000000000004,5.926628341148181e-05,0.476592,0.0002519451648759219,0.0,0.0002815941191292026,0.0003557241951739343,0.0004743551734360807,-0.0002815941191292026,0.00022574566319927324,PULLBACK_RECLAIM,False,False,V2_ARMED_WAITING,337.44,-0.0005887273847822172,337.42,-0.0006479622871420343,337.34,-0.0008849018965814137,337.3,-0.0010033717013009369,,,,,,
2026-09-24T19:36:18.031611+00:00,2026-09-24T19:36:16.716955+00:00,AMD,SCALP-AMD-15e80cc8685e1d330437e38f,EMA9_CONTINUATION,CONTEXT_ACCEPT,True,2026-09-24T19:35:11.930668+00:00,627.96,625.578517991133,2026-09-24T19:35:00+00:00,PASS,0.501952,False,BLOCKED,628.04,626.2047227138469,628.8000000000001,0.41410636187465727,0.16126287140470694,627.89,628.04,627.9649999999999,0.0002388668158256866,1.314656,7.962290591523313e-06,1.592470798073009e-05,1.592470798073009e-05,-6.369376040016306e-05,0.0003265579202240687,1.592470798073009e-05,0.00041042142430465733,EMA9_TURN_UP,True,False,V2_TRIGGER_GEOMETRY_BLOCKED,627.93,-0.0006749355588305805,627.99,-0.0005794479983277645,627.73,-0.0009932274271728936,627.77,-0.0009295690535043866,628.36,9.391958105675613e-06,9.391958105675613e-06,-0.0013274338889324167,176.433684,102.301614
2026-09-24T19:36:18.031611+00:00,2026-09-24T19:36:17.561794+00:00,META,SCALP-META-a559b102760ea62a486149c4,MICRO_PULLBACK,CONTEXT_ACCEPT,True,2026-09-24T19:35:08.120337+00:00,777.2650000000001,775.75,2026-09-24T19:35:00+00:00,PASS,0.382844,False,BLOCKED,776.44,775.75,777.6046600000001,1.6879130434781275,1.0093273600189756,776.36,776.44,776.4000000000001,0.00010303967027310782,0.469817,-0.001112876560761089,7.728572532683664e-05,-3.219886016014861e-05,-6.439937918822913e-06,0.00018035194393650755,0.00018676184987209687,0.0002340824630591633,PULLBACK_RECLAIM,False,False,V2_ARMED_WAITING,776.0,-0.0010662807483436954,776.05,-0.0010019164623095156,775.63,-0.0015425764649972251,775.31,-0.001954507895616575,775.07,-0.002263456468580838,-0.0006028578888970237,-0.002611023613166008,0.0,175.984983
2026-09-24T19:36:20.080389+00:00,2026-09-24T19:36:18.436748+00:00,AAPL,SCALP-AAPL-71bf0b0ab61825087f5167e6,MICRO_PULLBACK,CONTEXT_ACCEPT,True,2026-09-24T19:35:08.120337+00:00,337.375,337.1301,2026-09-24T19:35:00+00:00,PASS,0.414006,False,BLOCKED,337.47,337.45352691853253,337.97620500000005,30.729223369582787,19.27201100556424,337.45,337.47,337.46000000000004,5.926628341148181e-05,1.643641,0.0002519451648759219,0.0,0.00010372675409353604,0.0003557241951739343,0.0004743551734360807,-0.00010372675409353604,0.00022574566319927324,PULLBACK_RECLAIM,False,False,V2_ARMED_WAITING,337.44,-0.0005887273847822172,337.42,-0.0006479622871420343,337.35,-0.0008552844454013941,337.3,-0.0010033717013009369,,,,,,
2026-09-24T19:36:20.080389+00:00,2026-09-24T19:36:19.108689+00:00,META,SCALP-META-a559b102760ea62a486149c4,MICRO_PULLBACK,CONTEXT_ACCEPT,True,2026-09-24T19:35:08.120337+00:00,777.2650000000001,775.75,2026-09-24T19:35:00+00:00,PASS,0.375601,False,BLOCKED,776.43,775.75,777.594645,1.7127132352942436,0.9064904596927172,776.27,776.43,776.3499999999999,0.00020609261286786654,0.9717,-0.0011772046856608487,-0.00012879129370868547,-6.439979392069972e-05,-7.083931710905045e-05,0.00012238246452511703,-0.0001931910876293852,0.0002426941370097782,PULLBACK_RECLAIM,False,False,V2_ARMED_WAITING,776.0,-0.0010534150203417303,776.0,-0.0010534150203417303,775.63,-0.0015297168714274445,775.32,-0.001928780584499079,,,,,,
2026-09-24T19:36:22.106729+00:00,2026-09-24T19:36:20.749068+00:00,META,SCALP-META-a559b102760ea62a486149c4,MICRO_PULLBACK,CONTEXT_ACCEPT,True,2026-09-24T19:35:08.120337+00:00,777.2650000000001,775.75,2026-09-24T19:35:00+00:00,PASS,0.358691,False,BLOCKED,776.43,775.75,777.594645,1.7127132352942436,0.8182335695409466,776.21,776.43,776.3199999999999,0.0002833882934871105,1.357661,-0.0012158015606005268,-0.0001416740723569898,-2.5761908442167858e-05,-0.00016742868182129111,8.373537046457713e-05,-0.0002576026603469117,0.00024575124924395886,PULLBACK_RECLAIM,False,False,V2_ARMED_WAITING,776.0,-0.0010534150203417303,775.91,-0.0011692722273626277,775.63,-0.0015297168714274445,775.32,-0.001928780584499079,,,,,,
2026-09-24T19:36:24.060659+00:00,2026-09-24T19:36:23.068702+00:00,AAPL,SCALP-AAPL-71bf0b0ab61825087f5167e6,MICRO_PULLBACK,CONTEXT_ACCEPT,True,2026-09-24T19:35:08.120337+00:00,337.375,337.1301,2026-09-24T19:35:00+00:00,PASS,0.444533,False,BLOCKED,337.47,337.45352691853253,337.97620500000005,30.729223369582787,19.27201100556424,337.45,337.47,337.46000000000004,5.926628341148181e-05,0.991957,0.0002519451648759219,0.0,0.0,0.0002815941191292026,0.00044469479114184196,0.0,0.00022671606141269038,PULLBACK_RECLAIM,False,False,V2_ARMED_WAITING,337.46,-0.0005294924824224001,337.44,-0.0005887273847822172,337.34,-0.0008849018965814137,337.3,-0.0010033717013009369,,,,,,
2026-09-24T19:36:24.060659+00:00,2026-09-24T19:36:22.551003+00:00,AMD,SCALP-AMD-15e80cc8685e1d330437e38f,EMA9_CONTINUATION,CONTEXT_ACCEPT,True,2026-09-24T19:35:11.930668+00:00,627.96,625.578517991133,2026-09-24T19:35:00+00:00,PASS,0.506732,False,BLOCKED,628.01,626.2047227138469,628.8,0.4376059046770512,0.1971905018965195,627.89,628.01,627.95,0.00019109801735807714,1.509656,-1.5924581183490716e-05,-2.3886681582374614e-05,-7.962353990143e-06,-7.962353990143e-06,0.00031859816806067975,-3.9811389563104704e-05,0.0002589737214309069,EMA9_TURN_UP,False,False,V2_ARMED_WAITING,627.96,-0.0005794517995236781,627.99,-0.0005317057385548773,627.81,-0.0008181821043682369,627.78,-0.0008659281653370376,,,,,,
2026-09-24T19:36:24.060659+00:00,2026-09-24T19:36:22.515841+00:00,META,SCALP-META-a559b102760ea62a486149c4,MICRO_PULLBACK,CONTEXT_ACCEPT,True,2026-09-24T19:35:08.120337+00:00,777.2650000000001,775.75,2026-09-24T19:35:00+00:00,PASS,0.362772,False,BLOCKED,776.43,775.75,777.594645,1.7127132352942436,0.8182335695409466,776.21,776.43,776.3199999999999,0.0002833882934871105,1.544818,-0.0012158015606005268,-0.0001416740723569898,-2.5761908442167858e-05,-0.00016742868182129111,9.017713365522262e-05,-0.0002576026603469117,0.0002402880712384133,PULLBACK_RECLAIM,False,False,V2_ARMED_WAITING,775.94,-0.0011306531583555879,775.94,-0.0011306531583555879,775.57,-0.001606955009441191,775.1,-0.0022119870905500383,,,,,,
2026-09-24T19:36:26.174445+00:00,2026-09-24T19:36:24.328815+00:00,AMD,SCALP-AMD-15e80cc8685e1d330437e38f,EMA9_CONTINUATION,CONTEXT_ACCEPT,True,2026-09-24T19:35:11.930668+00:00,627.96,625.578517991133,2026-09-24T19:35:00+00:00,PASS,0.50194,False,BLOCKED,628.11,626.2047227138469,628.8,0.3621520106362428,0.11857963595509131,627.96,628.11,628.0350000000001,0.00023884019202747816,1.84563,0.00011943435887640241,0.00013536109562872767,-1.5922425940617657e-05,0.00012739766384561868,0.000454002389486341,0.00028662414206637177,0.0002922156987596363,EMA9_TURN_UP,True,False,V2_TRIGGER_GEOMETRY_BLOCKED,627.96,-0.0007385673283641925,627.93,-0.0007863057877888213,627.77,-0.001040910904718917,627.8,-0.000993172445294399,,,,,,
2026-09-24T19:36:28.118891+00:00,2026-09-24T19:36:26.900019+00:00,AAPL,SCALP-AAPL-71bf0b0ab61825087f5167e6,MICRO_PULLBACK,CONTEXT_ACCEPT,True,2026-09-24T19:35:08.120337+00:00,337.375,337.1301,2026-09-24T19:35:00+00:00,PASS,0.433405,False,BLOCKED,337.47,337.45352691853253,337.97620500000005,30.729223369582787,19.87908895385489,337.46,337.47,337.46500000000003,2.963270265078674e-05,1.218872,0.0002667654686923093,2.963358077368028e-05,1.4816570852893562e-05,5.926891789775901e-05,0.0003705460366396629,4.445015162646282e-05,0.0002101157919906022,PULLBACK_RECLAIM,False,False,V2_ARMED_WAITING,337.38,-0.0007664320918616685,337.42,-0.0006479622871420343,337.34,-0.0008849018965814137,337.28,-0.001062606603660976,,,,,,
2026-09-24T19:36:28.118891+00:00,2026-09-24T19:36:27.024316+00:00,AMD,SCALP-AMD-15e80cc8685e1d330437e38f,EMA9_CONTINUATION,CONTEXT_ACCEPT,True,2026-09-24T19:35:11.930668+00:00,627.96,625.578517991133,2026-09-24T19:35:00+00:00,PASS,0.50671,False,BLOCKED,628.13,626.2047227138469,628.8,0.3480018202150115,0.12254002995118811,628.01,628.13,628.0699999999999,0.00019106150588310946,1.094575,0.00017517039301839787,0.0001831341417777299,0.00016720677107806559,0.0001831341417777299,0.00011146496815284124,0.00019905859616609067,0.00026728797181029576,EMA9_TURN_UP,True,False,V2_TRIGGER_GEOMETRY_BLOCKED,627.98,-0.0007385597282718592,628.0,-0.0007067351020013657,627.9,-0.0008658582333544995,627.88,-0.0008976828596252151,,,,,,
2026-09-24T19:36:30.084256+00:00,2026-09-24T19:36:29.300618+00:00,AAPL,SCALP-AAPL-71bf0b0ab61825087f5167e6,MICRO_PULLBACK,CONTEXT_ACCEPT,True,2026-09-24T19:35:08.120337+00:00,337.375,337.1301,2026-09-24T19:35:00+00:00,PASS,0.431058,False,BLOCKED,337.46,337.45352691853253,337.96619,78.19923208839106,50.58793921857196,337.45,337.46,337.455,2.9633580773705843e-05,0.783638,0.00023712486105953445,-2.9632702650772558e-05,-2.220446049250313e-16,-1.4816570853004585e-05,0.0003557294677398737,-5.926628342445284e-05,0.00021115719885639675,PULLBACK_RECLAIM,False,False,V2_ARMED_WAITING,337.39,-0.0007072033331085859,337.42,-0.0006183483465944661,337.34,-0.0008552949772989704,337.27,-0.0010626232791651757,,,,,,
2026-09-24T19:36:30.084256+00:00,2026-09-24T19:36:28.652818+00:00,AMD,SCALP-AMD-15e80cc8685e1d330437e38f,EMA9_CONTINUATION,CONTEXT_ACCEPT,True,2026-09-24T19:35:11.930668+00:00,627.96,625.578517991133,2026-09-24T19:35:00+00:00,PASS,0.50671,False,BLOCKED,628.13,626.2047227138469,628.8,0.3480018202150115,0.12254002995118811,628.01,628.13,628.0699999999999,0.00019106150588310946,1.431438,0.00017517039301839787,0.00019109801735783805,0.00019109801735783805,3.9806064852099254e-05,0.00011146496815284124,0.00019109801735783805,0.00026728797181029576,EMA9_TURN_UP,True,False,V2_TRIGGER_GEOMETRY_BLOCKED,627.9,-0.0008658582333544995,628.0,-0.0007067351020013657,627.9,-0.0008658582333544995,627.88,-0.0008976828596252151,,,,,,
2026-09-24T19:36:32.107974+00:00,2026-09-24T19:36:30.801277+00:00,AAPL,SCALP-AAPL-71bf0b0ab61825087f5167e6,MICRO_PULLBACK,CONTEXT_ACCEPT,True,2026-09-24T19:35:08.120337+00:00,337.375,337.1301,2026-09-24T19:35:00+00:00,PASS,0.432791,False,BLOCKED,337.47,337.45352691853253,337.97620500000005,30.729223369582787,19.27201100556424,337.45,337.47,337.46000000000004,5.926628341148181e-05,1.306697,0.0002519451648759219,-1.4816351325275257e-05,1.481679038684014e-05,0.0,0.0003705515288958683,-4.4449932098955536e-05,0.00021167640375406517,PULLBACK_RECLAIM,False,False,V2_ARMED_WAITING,337.42,-0.0006479622871420343,337.42,-0.0006479622871420343,337.34,-0.0008849018965814137,337.27,-0.0010922240548408846,,,,,,
2026-09-24T19:36:34.090393+00:00,2026-09-24T19:36:33.662318+00:00,AAPL,SCALP-AAPL-71bf0b0ab61825087f5167e6,MICRO_PULLBACK,CONTEXT_ACCEPT,True,2026-09-24T19:35:08.120337+00:00,337.375,337.1301,2026-09-24T19:35:00+00:00,PASS,0.439222,False,BLOCKED,337.47,337.45352691853253,337.97620500000005,30.729223369582787,18.66491506738018,337.44,337.47,337.45500000000004,8.890074232128596e-05,0.428075,0.0002371248610597565,-2.9632702650661535e-05,-2.9632702650661535e-05,-1.481657085278254e-05,0.0003409023537084277,-2.9632702650661535e-05,0.00019883223095700902,PULLBACK_RECLAIM,False,False,V2_ARMED_WAITING,337.42,-0.0006479622871420343,337.42,-0.0006479622871420343,337.34,-0.0008849018965814137,337.3,-0.0010033717013009369,,,,,,
2026-09-24T19:36:36.148630+00:00,2026-09-24T19:36:34.698867+00:00,AAPL,SCALP-AAPL-71bf0b0ab61825087f5167e6,MICRO_PULLBACK,CONTEXT_ACCEPT,True,2026-09-24T19:35:08.120337+00:00,337.375,337.1301,2026-09-24T19:35:00+00:00,PASS,0.233911,False,BLOCKED,337.47,337.45352691853253,337.97620500000005,30.729223369582787,18.05780113850303,337.43,337.47,337.45000000000005,0.00011853607941923384,1.449763,0.0002223045572435911,-1.4816790386729117e-05,-4.444905397593679e-05,-1.481679038684014e-05,0.00025195263290522796,1.481591226404344e-05,0.0001993835332837417,PULLBACK_RECLAIM,False,False,V2_ARMED_WAITING,337.42,-0.0006479622871420343,337.42,-0.0006479622871420343,337.34,-0.0008849018965814137,337.34,-0.0008849018965814137,,,,,,
2026-09-24T19:36:36.148630+00:00,2026-09-24T19:36:35.249151+00:00,AMD,SCALP-AMD-15e80cc8685e1d330437e38f,EMA9_CONTINUATION,CONTEXT_ACCEPT,True,2026-09-24T19:35:11.930668+00:00,627.96,625.578517991133,2026-09-24T19:35:00+00:00,PASS,0.505132,False,BLOCKED,628.06,626.2047227138469,628.7999999999998,0.39886221079887124,0.15952146166381034,627.93,628.06,627.9949999999999,0.0002070080175797506,0.899479,5.573603414199546e-05,-7.961783439647263e-06,-6.369071787426517e-05,6.369883192269832e-05,6.369883192269832e-05,4.776759470026537e-05,0.0002597082318733225,EMA9_TURN_UP,False,False,V2_ARMED_WAITING,627.93,-0.000706758157449805,627.75,-0.000993211716814102,627.87,-0.0008022426772377189,627.86,-0.0008181567638692044,,,,,,
2026-09-24T19:36:38.093294+00:00,2026-09-24T19:36:36.546038+00:00,AAPL,SCALP-AAPL-71bf0b0ab61825087f5167e6,MICRO_PULLBACK,CONTEXT_ACCEPT,True,2026-09-24T19:35:08.120337+00:00,337.375,337.1301,2026-09-24T19:35:00+00:00,PASS,0.456272,False,BLOCKED,337.49,337.45352691853253,337.996235,13.879688242174067,8.704759636374849,337.47,337.49,337.48,5.9262771127124004e-05,1.547256,0.0003112263801408055,5.9266283411352205e-05,4.444905397593679e-05,7.40839519342007e-05,0.000340877091577374,7.408263473662746e-05,0.00021830567912785358,PULLBACK_RECLAIM,False,False,V2_ARMED_WAITING,337.42,-0.0007071849033801758,337.4,-0.0007664162954195142,337.34,-0.0009441104715378623,337.34,-0.0009441104715378623,,,,,,
2026-09-24T19:36:38.093294+00:00,2026-09-24T19:36:36.705747+00:00,AMD,SCALP-AMD-15e80cc8685e1d330437e38f,EMA9_CONTINUATION,CONTEXT_ACCEPT,True,2026-09-24T19:35:11.930668+00:00,627.96,625.578517991133,2026-09-24T19:35:00+00:00,PASS,0.497162,False,BLOCKED,628.13,626.2047227138469,628.8,0.3480018202150115,0.09136824431978613,627.95,628.13,628.04,0.0002866059486656105,1.387547,0.00012739664946792573,6.369426751584584e-05,7.96133973413049e-06,0.00013536001783576168,0.00013536001783576168,0.00011942364565575847,0.0002694123922600162,EMA9_TURN_UP,True,False,V2_TRIGGER_GEOMETRY_BLOCKED,627.99,-0.0007226474151366125,627.76,-0.0010886306172489535,627.87,-0.0009135951727603508,627.86,-0.0009295074858958197,,,,,,
2026-09-24T19:36:40.181734+00:00,2026-09-24T19:36:39.693172+00:00,AAPL,SCALP-AAPL-71bf0b0ab61825087f5167e6,MICRO_PULLBACK,CONTEXT_ACCEPT,True,2026-09-24T19:35:08.120337+00:00,337.375,337.1301,2026-09-24T19:35:00+00:00,PASS,0.446263,False,BLOCKED,337.49,337.45352691853253,337.996235,13.879688242174067,8.430564520358667,337.46,337.49,337.475,8.889547373888305e-05,0.488562,0.0002964060763246401,5.926716154736056e-05,5.92671615475826e-05,2.9632702650550513e-05,0.0001481810772765435,5.9267161547138514e-05,0.00011284243805120856,PULLBACK_RECLAIM,False,False,V2_ARMED_WAITING,337.44,-0.0006479535113408375,337.36,-0.0008848790794983019,337.28,-0.0011218046476559884,337.33,-0.0009737261675575315,,,,,,
2026-09-24T19:36:40.181734+00:00,2026-09-24T19:36:39.594357+00:00,AMD,SCALP-AMD-15e80cc8685e1d330437e38f,EMA9_CONTINUATION,CONTEXT_ACCEPT,True,2026-09-24T19:35:11.930668+00:00,627.96,625.578517991133,2026-09-24T19:35:00+00:00,PASS,0.503533,False,BLOCKED,628.1,626.2047227138469,628.8,0.36933909624417843,0.12976169632096382,627.96,628.1,628.03,0.00022291928729517119,0.587377,0.00011147206828443501,4.77707006369954e-05,-6.368716862759083e-05,-7.961339734463557e-06,8.758310442313899e-05,0.00015922324573536262,0.0002679967240524816,EMA9_TURN_UP,True,False,V2_TRIGGER_GEOMETRY_BLOCKED,627.93,-0.0007703972749054655,627.76,-0.0010409195185682174,627.84,-0.0009136149333150989,627.8,-0.0009772672259416026,,,,,,
2026-09-24T19:36:42.161518+00:00,2026-09-24T19:36:40.479451+00:00,AAPL,SCALP-AAPL-71bf0b0ab61825087f5167e6,MICRO_PULLBACK,CONTEXT_ACCEPT,True,2026-09-24T19:35:08.120337+00:00,337.375,337.1301,2026-09-24T19:35:00+00:00,PASS,0.220445,False,BLOCKED,337.42,337.1301,337.92613000000006,1.7458778889272841,1.0604300320497921,337.39,337.42,337.405,8.891391650992001e-05,1.682067,8.89218228972144e-05,-0.00013335308934681045,-0.00014816790386873446,-0.00017779621590408023,-5.9272430910639606e-05,-0.00011853629896008133,0.00023613051940247711,PULLBACK_RECLAIM,False,False,V2_ARMED_WAITING,337.44,-0.00044063135126071185,337.36,-0.0006776060711869425,337.29,-0.0008849589511222833,337.33,-0.00076647159115939,,,,,,
2026-09-24T19:36:42.161518+00:00,2026-09-24T19:36:40.781229+00:00,AMD,SCALP-AMD-15e80cc8685e1d330437e38f,EMA9_CONTINUATION,CONTEXT_ACCEPT,True,2026-09-24T19:35:11.930668+00:00,627.96,625.578517991133,2026-09-24T19:35:00+00:00,PASS,0.505124,False,BLOCKED,628.1,626.2047227138469,628.8,0.36933909624417843,0.13503910335740446,627.97,628.1,628.0350000000001,0.0002069948330905052,1.380289,0.00011943435887640241,6.369477464018836e-05,5.573248407664266e-05,0.0,9.554520482524254e-05,7.165655807983562e-05,0.00026811495303781036,EMA9_TURN_UP,True,False,V2_TRIGGER_GEOMETRY_BLOCKED,628.0,-0.0006590057628088619,627.73,-0.0010886587380382062,627.84,-0.0009136149333150989,627.8,-0.0009772672259416026,,,,,,
2026-09-24T19:36:44.082726+00:00,2026-09-24T19:36:43.442018+00:00,AAPL,SCALP-AAPL-71bf0b0ab61825087f5167e6,MICRO_PULLBACK,CONTEXT_ACCEPT,True,2026-09-24T19:35:08.120337+00:00,337.375,337.1301,2026-09-24T19:35:00+00:00,PASS,0.228108,False,BLOCKED,337.4,337.1301,337.9061,1.8751389403486238,1.1759889115015933,337.38,337.4,337.39,5.927857968517683e-05,0.640708,4.446091144871822e-05,-0.0002666824700724435,-0.00020743199193995476,-0.00022224526988001703,-0.00020743199193995476,-0.0003259487534837957,0.0002361315115075857,PULLBACK_RECLAIM,False,False,V2_ARMED_WAITING,337.42,-0.0004406278394835095,337.34,-0.0006776166065183276,337.28,-0.0008553581817942746,337.31,-0.000766487394156079,,,,,,
2026-09-24T19:36:44.082726+00:00,2026-09-24T19:36:42.758943+00:00,AMD,SCALP-AMD-15e80cc8685e1d330437e38f,EMA9_CONTINUATION,CONTEXT_ACCEPT,True,2026-09-24T19:35:11.930668+00:00,627.96,625.578517991133,2026-09-24T19:35:00+00:00,PASS,0.503529,False,BLOCKED,628.12,626.2047227138469,628.8,0.35503997510762275,0.11795910585907513,627.98,628.12,628.05,0.00022291218852000058,1.323783,0.00014332123065141644,1.5922552703662163e-05,7.961783439491832e-05,-3.1843584313850926e-05,0.00015128472581649177,-4.7771714812183674e-05,0.00022784813396179378,EMA9_TURN_UP,False,False,V2_ARMED_WAITING,628.0,-0.0006908258288547131,627.69,-0.0011841153893529244,627.84,-0.0009454268923376752,627.95,-0.0007703886611930555,,,,,,
2026-09-24T19:36:46.148557+00:00,2026-09-24T19:36:44.615749+00:00,AAPL,SCALP-AAPL-71bf0b0ab61825087f5167e6,MICRO_PULLBACK,CONTEXT_ACCEPT,True,2026-09-24T19:35:08.120337+00:00,337.375,337.1301,2026-09-24T19:35:00+00:00,PASS,0.232188,False,BLOCKED,337.42,337.1301,337.92613000000006,1.7458778889272841,1.0604300320497921,337.39,337.42,337.405,8.891391650992001e-05,1.532808,8.89218228972144e-05,-0.00022223539172705475,-0.00014816790386884549,-0.00014816790386873446,-0.00016298227938149612,-0.00029631934366125545,0.00024028043534003764,PULLBACK_RECLAIM,False,False,V2_ARMED_WAITING,337.42,-0.0004998750312422695,337.34,-0.0007368497511686112,337.28,-0.0009145807911131731,337.27,-0.000944202631103952,,,,,,
2026-09-24T19:36:46.148557+00:00,2026-09-24T19:36:45.167405+00:00,AMD,SCALP-AMD-15e80cc8685e1d330437e38f,EMA9_CONTINUATION,CONTEXT_ACCEPT,True,2026-09-24T19:35:11.930668+00:00,627.96,625.578517991133,2026-09-24T19:35:00+00:00,PASS,0.509917,False,BLOCKED,628.0,626.2047227138469,628.8,0.4456136142145599,0.21500413365652368,627.9,628.0,627.95,0.0001592483477984278,0.981152,-1.5924581183490716e-05,-0.0001273824498828624,-7.96178343948073e-05,-7.96178343948073e-05,-4.777222204521703e-05,-0.0001751531505198578,0.0002568750919153263,EMA9_TURN_UP,False,False,V2_ARMED_WAITING,627.96,-0.0005635374595840403,627.7,-0.0009773432438068275,627.84,-0.00075452474461013,628.07,-0.0003884657816436432,,,,,,
2026-09-24T19:36:48.201808+00:00,2026-09-24T19:36:46.461071+00:00,AAPL,SCALP-AAPL-71bf0b0ab61825087f5167e6,MICRO_PULLBACK,CONTEXT_ACCEPT,True,2026-09-24T19:35:08.120337+00:00,337.375,337.1301,2026-09-24T19:35:00+00:00,PASS,0.246274,False,BLOCKED,337.45,337.1301,337.95617500000003,1.582291341044267,0.9610774192244184,337.42,337.45,337.435,8.89060115280653e-05,1.740737,0.00017784364579465084,8.891391650989178e-05,-4.4451029782344165e-05,-7.408285426435679e-05,-7.408285426435679e-05,0.00022226700585670223,0.00025620377076913996,PULLBACK_RECLAIM,False,False,V2_ARMED_WAITING,337.42,-0.0005887326508868806,337.34,-0.0008256863032725104,337.28,-0.0010034015425616216,337.27,-0.0010330207491098253,,,,,,
2026-09-24T19:36:48.201808+00:00,2026-09-24T19:36:47.236410+00:00,AMD,SCALP-AMD-15e80cc8685e1d330437e38f,EMA9_CONTINUATION,CONTEXT_ACCEPT,True,2026-09-24T19:35:11.930668+00:00,627.96,625.578517991133,2026-09-24T19:35:00+00:00,PASS,0.500341,False,BLOCKED,628.15,626.2047227138469,628.8,0.33414259479961667,0.09042650184534151,627.99,628.15,628.0699999999999,0.0002547486745107523,0.965398,0.00017517039301839787,5.5729378139579566e-05,4.776765811098649e-05,0.00011146496815284124,0.00016720677107806559,6.36906544911886e-05,0.0003192689955626543,EMA9_TURN_UP,True,False,V2_TRIGGER_GEOMETRY_BLOCKED,627.75,-0.0011363472910328465,627.73,-0.0011681709040224364,627.83,-0.0010090528390745979,628.15,-0.0004998750312421585,,,,,,
2026-09-24T19:36:50.135875+00:00,2026-09-24T19:36:49.359653+00:00,AAPL,SCALP-AAPL-71bf0b0ab61825087f5167e6,MICRO_PULLBACK,CONTEXT_ACCEPT,True,2026-09-24T19:35:08.120337+00:00,337.375,337.1301,2026-09-24T19:35:00+00:00,PASS,0.237494,False,BLOCKED,337.44,337.1301,337.94616,1.6333010648597874,1.0243285165683194,337.42,337.44,337.43,5.927155261826693e-05,0.776222,0.00016302334197848545,0.00011855715937048039,-0.0001481569278179995,-7.408395193442274e-05,-7.408395193442274e-05,0.0003852396294429239,0.0002544842933805633,PULLBACK_RECLAIM,False,False,V2_ARMED_WAITING,337.42,-0.0005591151998629584,337.35,-0.0007664557900353142,337.28,-0.000973796380208003,337.27,-0.001003416464518292,,,,,,
2026-09-24T19:36:50.135875+00:00,2026-09-24T19:36:48.661235+00:00,AMD,SCALP-AMD-15e80cc8685e1d330437e38f,EMA9_CONTINUATION,CONTEXT_ACCEPT,True,2026-09-24T19:35:11.930668+00:00,627.96,625.578517991133,2026-09-24T19:35:00+00:00,PASS,0.500347,False,BLOCKED,628.12,626.2047227138469,628.8,0.35503997510762275,0.1075142594867642,627.96,628.12,628.04,0.0002547608432583405,1.47464,0.00012739664946792573,-1.5922299180015642e-05,0.0,6.369426751584584e-05,0.00014332351301837853,-3.1844851883677805e-05,0.00032272406576872156,EMA9_TURN_UP,False,False,V2_ARMED_WAITING,627.75,-0.0010886399905469801,627.73,-0.001120465123482406,627.92,-0.0008181263605961941,628.15,-0.0004521373318392419,,,,,,
2026-09-24T19:36:52.124317+00:00,2026-09-24T19:36:50.262933+00:00,AMD,SCALP-AMD-15e80cc8685e1d330437e38f,EMA9_CONTINUATION,CONTEXT_ACCEPT,True,2026-09-24T19:35:11.930668+00:00,627.96,625.578517991133,2026-09-24T19:35:00+00:00,PASS,0.495572,False,BLOCKED,628.12,626.2047227138469,628.8,0.35503997510762275,0.09184636625602952,627.93,628.12,628.025,0.00030253572708101523,1.861384,0.00010350977769268965,0.0001194362608487598,-7.961403117651145e-06,4.7771080980085756e-05,0.00011147295586466655,0.0002468187107316222,0.00032350867196349127,EMA9_TURN_UP,True,False,V2_TRIGGER_GEOMETRY_BLOCKED,627.75,-0.0010886399905469801,627.73,-0.001120465123482406,627.92,-0.0008181263605961941,628.15,-0.0004521373318392419,,,,,,
2026-09-24T19:36:54.165326+00:00,2026-09-24T19:36:52.763738+00:00,AAPL,SCALP-AAPL-71bf0b0ab61825087f5167e6,MICRO_PULLBACK,CONTEXT_ACCEPT,True,2026-09-24T19:35:08.120337+00:00,337.375,337.1301,2026-09-24T19:35:00+00:00,PASS,0.237494,False,BLOCKED,337.44,337.1301,337.94616,1.6333010648597874,1.0243285165683194,337.42,337.44,337.43,5.927155261826693e-05,1.401588,0.00016302334197848545,-1.4817668588018584e-05,7.409493042498383e-05,-0.0001481569278179995,-7.408395193442274e-05,-0.00010373158509791036,0.0002544842933805633,PULLBACK_RECLAIM,False,False,V2_ARMED_WAITING,337.36,-0.0007368357057250252,337.34,-0.0007960758743459362,337.31,-0.000884936127276803,337.27,-0.001003416464518292,,,,,,
2026-09-24T19:36:54.165326+00:00,2026-09-24T19:36:53.229075+00:00,AMD,SCALP-AMD-15e80cc8685e1d330437e38f,EMA9_CONTINUATION,CONTEXT_ACCEPT,True,2026-09-24T19:35:11.930668+00:00,627.96,625.578517991133,2026-09-24T19:35:00+00:00,PASS,0.503527,False,BLOCKED,628.13,626.2047227138469,628.8,0.3480018202150115,0.11214976561978361,627.99,628.13,628.06,0.00022290863930195582,0.936251,0.00015924581183490716,-1.5921792156925463e-05,1.5922299180015642e-05,3.1845105407324326e-05,0.00017517318257809222,-4.776639051695675e-05,0.00029906704452368116,EMA9_TURN_UP,False,False,V2_ARMED_WAITING,627.76,-0.0010886306172489535,627.81,-0.0010090690515724976,627.9,-0.0008658582333544995,628.15,-0.0004680504049715539,,,,,,
2026-09-24T19:36:56.132803+00:00,2026-09-24T19:36:54.531108+00:00,AAPL,SCALP-AAPL-71bf0b0ab61825087f5167e6,MICRO_PULLBACK,CONTEXT_ACCEPT,True,2026-09-24T19:35:08.120337+00:00,337.375,337.1301,2026-09-24T19:35:00+00:00,PASS,0.244536,False,BLOCKED,337.46,337.45352691853253,337.96619,78.19923208839106,49.04301126381422,337.44,337.46,337.45,5.92680397095327e-05,1.601695,0.00022230455724336906,5.927155261820083e-05,0.00017783573905560957,-8.889415669088852e-05,-4.4449053976047814e-05,-5.928560675227956e-05,0.00026129556545639415,PULLBACK_RECLAIM,False,False,V2_ARMED_WAITING,337.36,-0.0007960583196227056,337.34,-0.0008552949772989704,337.31,-0.0009441499638128681,337.26,-0.0010922416080032527,,,,,,
2026-09-24T19:36:56.132803+00:00,2026-09-24T19:36:54.860166+00:00,AMD,SCALP-AMD-15e80cc8685e1d330437e38f,EMA9_CONTINUATION,CONTEXT_ACCEPT,True,2026-09-24T19:35:11.930668+00:00,627.96,625.578517991133,2026-09-24T19:35:00+00:00,PASS,0.497165,False,BLOCKED,628.11,626.2047227138469,628.8,0.3621520106362428,0.10282975925178595,627.93,628.11,628.02,0.0002866150759530965,1.272637,9.55474871009443e-05,-3.1845105407324326e-05,-4.7766897539935904e-05,-1.592280623530229e-05,-2.3884019202946583e-05,-1.5922806227308683e-05,0.00030065182211744924,EMA9_TURN_UP,False,False,V2_ARMED_WAITING,627.73,-0.0011045621839513853,627.77,-0.001040910904718917,627.9,-0.0008340442472131171,628.15,-0.0004362237520098011,,,,,,
2026-09-24T19:36:58.201565+00:00,2026-09-24T19:36:57.018105+00:00,AMD,SCALP-AMD-15e80cc8685e1d330437e38f,EMA9_CONTINUATION,CONTEXT_ACCEPT,True,2026-09-24T19:35:11.930668+00:00,627.96,625.578517991133,2026-09-24T19:35:00+00:00,PASS,0.505119,False,BLOCKED,628.13,626.2047227138469,628.8,0.3480018202150115,0.1173449391437224,628.0,628.13,628.065,0.00020698494582566365,1.18346,0.00016720810242687456,6.369173201714595e-05,0.00018313559996818718,4.7768038405449076e-05,4.7768038405449076e-05,-5.574452883161385e-05,0.00030907245227096853,EMA9_TURN_UP,False,False,V2_ARMED_WAITING,627.69,-0.001200016809196014,627.9,-0.0008658582333544995,627.9,-0.0008658582333544995,628.29,-0.00024527802107721097,,,,,,
2026-09-24T19:37:00.225116+00:00,2026-09-24T19:36:58.762532+00:00,AAPL,SCALP-AAPL-71bf0b0ab61825087f5167e6,MICRO_PULLBACK,CONTEXT_ACCEPT,True,2026-09-24T19:35:08.120337+00:00,337.375,337.1301,2026-09-24T19:35:00+00:00,PASS,0.243925,False,BLOCKED,337.45,337.1301,337.95617500000003,1.582291341044267,0.9610774192244184,337.42,337.45,337.435,8.89060115280653e-05,1.462584,0.00017784364579465084,1.4817888154494696e-05,0.0,0.00013337680429170717,-8.88981079519846e-05,2.963555674251328e-05,0.00026338786894896803,PULLBACK_RECLAIM,False,True,V2_ARMED_WAITING,337.34,-0.0008256863032725104,337.34,-0.0008256863032725104,337.33,-0.0008553055098207141,337.28,-0.0010034015425616216,,,,,,
2026-09-24T19:37:00.225116+00:00,2026-09-24T19:36:59.694374+00:00,AMD,SCALP-AMD-15e80cc8685e1d330437e38f,EMA9_CONTINUATION,CONTEXT_ACCEPT,True,2026-09-24T19:35:11.930668+00:00,627.96,625.578517991133,2026-09-24T19:35:00+00:00,PASS,0.505119,False,BLOCKED,628.13,626.2047227138469,628.8,0.3480018202150115,0.1173449391437224,628.0,628.13,628.065,0.00020698494582566365,0.530742,0.00016720810242687456,7.961022832292386e-06,3.980638175926643e-05,2.3883448770245508e-05,-7.960896078240687e-06,-2.388408257503194e-05,0.00028827783637297986,EMA9_TURN_UP,False,True,V2_ARMED_WAITING,627.7,-0.0011841044960608782,627.86,-0.0009295074858958197,627.55,-0.001422789193090801,628.29,-0.00024527802107721097,,,,,,
2026-09-24T19:37:02.395661+00:00,2026-09-24T19:37:00.801348+00:00,AAPL,SCALP-AAPL-71bf0b0ab61825087f5167e6,MICRO_PULLBACK,CONTEXT_ACCEPT,True,2026-09-24T19:35:08.120337+00:00,337.375,337.1301,2026-09-24T19:35:00+00:00,PASS,0.244541,False,BLOCKED,337.44,337.1301,337.94616,1.6333010648597874,1.0243285165683194,337.42,337.44,337.43,5.927155261826693e-05,1.594313,0.00016302334197848545,-5.9268039709570175e-05,0.0,7.409493042498383e-05,-8.889942511713933e-05,-0.000118539592327771,0.00026297084394026165,PULLBACK_RECLAIM,False,True,V2_ARMED_WAITING,337.34,-0.0007960758743459362,337.34,-0.0007960758743459362,337.33,-0.0008256959586562251,337.28,-0.000973796380208003,,,,,,
2026-09-24T19:37:02.395661+00:00,2026-09-24T19:37:00.542554+00:00,AMD,SCALP-AMD-15e80cc8685e1d330437e38f,EMA9_CONTINUATION,CONTEXT_ACCEPT,True,2026-09-24T19:35:11.930668+00:00,627.96,625.578517991133,2026-09-24T19:35:00+00:00,PASS,0.498753,False,BLOCKED,628.13,626.2047227138469,628.8,0.3480018202150115,0.09656374872937322,627.96,628.13,628.0450000000001,0.0002706812409938126,1.853107,0.00013535894005989313,3.980764943811721e-05,3.1845866008684e-05,0.0001512859304084735,7.16560509554931e-05,4.776911594028821e-05,0.0002899219739092019,EMA9_TURN_UP,True,True,V2_TRIGGER_GEOMETRY_BLOCKED,627.7,-0.0011841044960608782,627.86,-0.0009295074858958197,627.55,-0.001422789193090801,628.29,-0.00024527802107721097,,,,,,
2026-09-24T19:37:06.159198+00:00,2026-09-24T19:37:05.733428+00:00,AAPL,SCALP-AAPL-71bf0b0ab61825087f5167e6,MICRO_PULLBACK,CONTEXT_ACCEPT,True,2026-09-24T19:35:08.120337+00:00,337.375,337.1301,2026-09-24T19:35:00+00:00,PASS,0.235146,False,BLOCKED,337.44,337.1301,337.94616,1.6333010648597874,1.0243285165683194,337.42,337.44,337.43,5.927155261826693e-05,0.42577,0.00016302334197848545,-1.4817668588018584e-05,-5.9268039709570175e-05,0.0,-5.92680397096812e-05,2.9633361194103536e-05,0.0002470436222421487,PULLBACK_RECLAIM,False,True,V2_ARMED_WAITING,337.35,-0.0007664557900353142,337.34,-0.0007960758743459362,337.29,-0.000944176295897492,337.28,-0.000973796380208003,,,,,,
2026-09-24T19:37:06.159198+00:00,2026-09-24T19:37:05.098459+00:00,AMD,SCALP-AMD-15e80cc8685e1d330437e38f,EMA9_CONTINUATION,CONTEXT_ACCEPT,True,2026-09-24T19:35:11.930668+00:00,627.96,625.578517991133,2026-09-24T19:35:00+00:00,PASS,0.49879,False,BLOCKED,627.92,626.2047227138469,628.8,0.5130365842910207,0.23087636476952345,627.75,627.92,627.835,0.00027077177920944046,1.060739,-0.00019905726479396701,-0.0003662041349223877,-0.00029457660584053524,-0.00032641233042474127,-0.00026273885350314163,-0.000437857903910821,0.00044255923858080683,EMA9_TURN_UP,False,True,V2_ARMED_WAITING,627.73,-0.0008023100926259907,627.89,-0.0005476279356712022,627.61,-0.0009933217103419434,628.17,-0.00010193416100057195,,,,,,
2026-09-24T19:37:08.148614+00:00,2026-09-24T19:37:06.586288+00:00,AAPL,SCALP-AAPL-71bf0b0ab61825087f5167e6,MICRO_PULLBACK,CONTEXT_ACCEPT,True,2026-09-24T19:35:08.120337+00:00,337.375,337.1301,2026-09-24T19:35:00+00:00,PASS,0.21575,False,BLOCKED,337.41,337.1301,337.91611500000005,1.8081993569131976,1.0982803367334606,337.38,337.41,337.395,8.891655181620818e-05,1.562326,5.928121526488361e-05,-0.000103725217082129,-0.0001629871092013735,-0.000103725217082129,-0.00025186677729061024,-4.445717737255883e-05,0.00026752563839125887,PULLBACK_RECLAIM,False,True,V2_ARMED_WAITING,337.35,-0.0006776113386964822,337.34,-0.0007072340566056656,337.29,-0.0008553476461506948,337.28,-0.0008849703640598783,,,,,,
2026-09-24T19:37:10.235858+00:00,2026-09-24T19:37:09.616298+00:00,AMD,SCALP-AMD-15e80cc8685e1d330437e38f,EMA9_CONTINUATION,CONTEXT_ACCEPT,True,2026-09-24T19:35:11.930668+00:00,627.96,625.578517991133,2026-09-24T19:35:00+00:00,PASS,0.503569,False,BLOCKED,627.9,626.2047227138469,628.8000000000001,0.5308866032425331,0.2631040917743866,627.76,627.9,627.8299999999999,0.0002229902999219317,0.61956,-0.0002070195553858234,-7.963875859329228e-06,-0.00037416509437737666,-0.00036620705028189704,-0.0003184561247074891,0.00035824025906305845,0.00043642928401657784,EMA9_TURN_UP,False,True,V2_ARMED_WAITING,627.77,-0.0007068108749211932,627.84,-0.0005953838821709523,627.84,-0.0005953838821709523,628.36,0.00023235949254418742,,,,,,
2026-09-24T19:37:12.181974+00:00,2026-09-24T19:37:11.512137+00:00,AAPL,SCALP-AAPL-71bf0b0ab61825087f5167e6,MICRO_PULLBACK,CONTEXT_ACCEPT,True,2026-09-24T19:35:08.120337+00:00,337.375,337.1301,2026-09-24T19:35:00+00:00,PASS,0.205243,False,BLOCKED,337.38,337.1301,337.88607,2.025090036014663,1.3100434245578731,337.37,337.38,337.375,2.9640607632429508e-05,0.669837,0.0,-0.00016299676970044086,-0.00016299676970044086,-0.00022225514891094367,-8.891391650978075e-05,-0.00016299676970044086,0.00017344662622972712,PULLBACK_RECLAIM,False,True,V2_ARMED_WAITING,337.34,-0.0006183764391467506,337.29,-0.0007665031990268245,337.3,-0.0007368778470507875,337.33,-0.0006480017911227876,,,,,,
2026-09-24T19:37:12.181974+00:00,2026-09-24T19:37:11.085308+00:00,AMD,SCALP-AMD-15e80cc8685e1d330437e38f,EMA9_CONTINUATION,CONTEXT_ACCEPT,True,2026-09-24T19:35:11.930668+00:00,627.96,625.578517991133,2026-09-24T19:35:00+00:00,PASS,0.503575,False,BLOCKED,627.87,626.2047227138469,628.8,0.5584655526938195,0.2858679415683265,627.73,627.87,627.8,0.00022300095571835995,1.096666,-0.00025479329893640656,-5.5747131013861306e-05,-0.0003900994355502396,-0.0003503073150536995,-0.00037418296751001723,0.00027862381374332834,0.00043838721401794984,EMA9_TURN_UP,False,True,V2_ARMED_WAITING,627.77,-0.0006590640552391891,627.84,-0.000547631738441301,627.85,-0.0005317128360415868,628.36,0.00028015118634194813,,,,,,
2026-09-24T19:37:14.460352+00:00,2026-09-24T19:37:14.075291+00:00,AMD,SCALP-AMD-15e80cc8685e1d330437e38f,EMA9_CONTINUATION,CONTEXT_ACCEPT,True,2026-09-24T19:35:11.930668+00:00,627.96,625.578517991133,2026-09-24T19:35:00+00:00,PASS,0.495613,False,BLOCKED,627.88,626.2047227138469,628.7999999999998,0.5491628207485924,0.2483357540611412,627.69,627.88,627.7850000000001,0.0003026513854264451,0.385061,-0.0002786801707114206,-7.963875859096081e-05,-7.963875859096081e-05,-0.00044581372947061215,-0.0004219409282698594,-7.963875859096081e-05,0.00040914821496905614,EMA9_TURN_UP,False,True,V2_ARMED_WAITING,627.9,-0.00046803773351111744,627.84,-0.0005635496267042406,627.84,-0.0005635496267042406,628.36,0.0002642201143030487,,,,,,
2026-09-24T19:37:16.226910+00:00,2026-09-24T19:37:14.465676+00:00,AAPL,SCALP-AAPL-71bf0b0ab61825087f5167e6,MICRO_PULLBACK,CONTEXT_ACCEPT,True,2026-09-24T19:35:08.120337+00:00,337.375,337.1301,2026-09-24T19:35:00+00:00,PASS,0.192273,False,BLOCKED,337.37,337.1301,337.876055,2.109441433931004,1.281236623983245,337.34,337.37,337.355,8.892709460369509e-05,1.761234,-5.928121526488361e-05,-0.00016300643134448123,-0.0002222683223186417,-0.00023708269740829735,-0.00010373751444903156,-0.00010373487872605835,0.00018269620716765175,PULLBACK_RECLAIM,False,True,V2_ARMED_WAITING,337.34,-0.0005887537215499838,337.28,-0.0007665111021650794,337.3,-0.0007072586419598625,337.34,-0.0005887537215499838,,,,,,
2026-09-24T19:37:16.226910+00:00,2026-09-24T19:37:15.177086+00:00,AMD,SCALP-AMD-15e80cc8685e1d330437e38f,EMA9_CONTINUATION,CONTEXT_ACCEPT,True,2026-09-24T19:35:11.930668+00:00,627.96,625.578517991133,2026-09-24T19:35:00+00:00,PASS,0.506768,False,BLOCKED,627.82,626.2047227138469,628.7617300000001,0.5830144508765772,0.31437854973990936,627.7,627.82,627.76,0.00019115585574105477,1.049824,-0.00031849162367036943,-0.00011149514996089405,-0.00011945813788660775,-0.0004856185267448909,-0.000302571860817058,-0.00010353127410156482,0.0003639637964408632,EMA9_TURN_UP,False,True,V2_ARMED_WAITING,627.86,-0.0004361943504759269,627.84,-0.0004680346908590982,627.77,-0.0005794758822003088,628.36,0.0003598141591036885,,,,,,
2026-09-24T19:37:18.194338+00:00,2026-09-24T19:37:17.749999+00:00,AAPL,SCALP-AAPL-71bf0b0ab61825087f5167e6,MICRO_PULLBACK,CONTEXT_ACCEPT,True,2026-09-24T19:35:08.120337+00:00,337.375,337.1301,2026-09-24T19:35:00+00:00,PASS,0.196968,False,BLOCKED,337.38,337.1301,337.88607,2.025090036014663,1.2300066671996248,337.35,337.38,337.365,8.892445867227695e-05,0.444339,-2.9640607632441807e-05,-1.4820523460912227e-05,-0.00013336889837278765,-0.00019263254600954127,-0.0002074473602323712,0.00010372960842597312,0.00016165186685247062,PULLBACK_RECLAIM,False,True,V2_ARMED_WAITING,337.34,-0.0006183764391467506,337.28,-0.0007961285510030836,337.3,-0.0007368778470507875,,,,,,,,
2026-09-24T19:37:18.194338+00:00,2026-09-24T19:37:16.665276+00:00,AMD,SCALP-AMD-15e80cc8685e1d330437e38f,EMA9_CONTINUATION,CONTEXT_ACCEPT,True,2026-09-24T19:35:11.930668+00:00,627.96,625.578517991133,2026-09-24T19:35:00+00:00,PASS,0.506768,False,BLOCKED,627.82,626.2047227138469,628.7617300000001,0.5830144508765772,0.31437854973990936,627.7,627.82,627.76,0.00019115585574105477,1.529062,-0.00031849162367036943,-6.371455877662857e-05,-0.00011945813788660775,-0.00011945813788660775,-0.000302571860817058,-7.967427762767265e-06,0.0003639637964408632,EMA9_TURN_UP,False,True,V2_ARMED_WAITING,627.89,-0.00038843383990105895,627.84,-0.0004680346908590982,627.77,-0.0005794758822003088,628.36,0.0003598141591036885,,,,,,
2026-09-24T19:37:22.323056+00:00,2026-09-24T19:37:20.977107+00:00,AAPL,SCALP-AAPL-71bf0b0ab61825087f5167e6,MICRO_PULLBACK,CONTEXT_ACCEPT,True,2026-09-24T19:35:08.120337+00:00,337.375,337.1301,2026-09-24T19:35:00+00:00,PASS,0.206978,False,BLOCKED,337.37,337.1301,337.876055,2.109441433931004,1.3229237480681009,337.35,337.37,337.36,5.928385107891217e-05,1.345949,-4.44609114486072e-05,1.4821182434010538e-05,-0.00014818766485868995,-0.000207450434164147,-0.000207450434164147,0.00017782761377849177,0.00016765574940061226,PULLBACK_RECLAIM,False,True,V2_ARMED_WAITING,337.34,-0.0005887537215499838,337.31,-0.0006776324118573651,337.3,-0.0007072586419598625,,,,,,,,
2026-09-24T19:37:22.323056+00:00,2026-09-24T19:37:20.975556+00:00,AMD,SCALP-AMD-15e80cc8685e1d330437e38f,EMA9_CONTINUATION,CONTEXT_ACCEPT,True,2026-09-24T19:35:11.930668+00:00,627.96,625.578517991133,2026-09-24T19:35:00+00:00,PASS,0.503575,False,BLOCKED,627.87,626.2047227138469,628.8,0.5584655526938195,0.2858679415683265,627.73,627.87,627.8,0.00022300095571835995,1.3475,-0.00025479329893640656,6.3718618580344e-05,-4.778363569746258e-05,-5.5747131013861306e-05,-0.0003582659925959186,0.00017521376854123805,0.0003587041210833971,EMA9_TURN_UP,True,True,V2_TRIGGER_GEOMETRY_BLOCKED,627.87,-0.0004998750312421585,627.92,-0.00042028051924392074,627.78,-0.0006431451528393639,,,,,,,,
2026-09-24T19:37:24.213110+00:00,2026-09-24T19:37:22.219979+00:00,AAPL,SCALP-AAPL-71bf0b0ab61825087f5167e6,MICRO_PULLBACK,CONTEXT_ACCEPT,True,2026-09-24T19:35:08.120337+00:00,337.375,337.1301,2026-09-24T19:35:00+00:00,PASS,0.214023,False,BLOCKED,337.37,337.1301,337.876055,2.109441433931004,1.3229237480681009,337.35,337.37,337.36,5.928385107891217e-05,1.993131,-4.44609114486072e-05,1.4821182434010538e-05,-2.9641046921713432e-05,-0.00014818766485868995,-0.000207450434164147,5.92827528166362e-05,0.00016765574940061226,PULLBACK_RECLAIM,False,True,V2_ARMED_WAITING,337.34,-0.0005887537215499838,337.31,-0.0006776324118573651,337.3,-0.0007072586419598625,,,,,,,,
2026-09-24T19:37:24.213110+00:00,2026-09-24T19:37:22.388530+00:00,AMD,SCALP-AMD-15e80cc8685e1d330437e38f,EMA9_CONTINUATION,CONTEXT_ACCEPT,True,2026-09-24T19:35:11.930668+00:00,627.96,625.578517991133,2026-09-24T19:35:00+00:00,PASS,0.503562,False,BLOCKED,627.94,626.2047227138469,628.8000000000001,0.49559802739448,0.23397666465937764,627.8,627.94,627.87,0.00022297609377753365,1.82458,-0.0001433212306516385,0.0001752262010958905,0.0001115004778593498,5.574713101363926e-05,-0.0002468054615659687,0.00023894075987251906,0.0003756341345579176,EMA9_TURN_UP,True,True,V2_TRIGGER_GEOMETRY_BLOCKED,627.87,-0.0006112949260536071,627.92,-0.0005317092869028262,627.78,-0.0007545490765253904,,,,,,,,
2026-09-24T19:37:26.318722+00:00,2026-09-24T19:37:24.348020+00:00,AAPL,SCALP-AAPL-71bf0b0ab61825087f5167e6,MICRO_PULLBACK,CONTEXT_ACCEPT,True,2026-09-24T19:35:08.120337+00:00,337.375,337.1301,2026-09-24T19:35:00+00:00,PASS,0.206979,False,BLOCKED,337.36,337.1301,337.86604000000005,2.201130926489908,1.3804236935358671,337.34,337.36,337.35,5.928560841867097e-05,1.970702,-7.4101519081049e-05,1.4821621781901939e-05,-5.9282093843537886e-05,-0.00017782519783038353,-0.0002370862104732474,8.892423908624103e-05,0.00015960569258956556,PULLBACK_RECLAIM,False,True,V2_ARMED_WAITING,337.28,-0.0007368918974907102,337.31,-0.0006480105726474061,337.28,-0.0007368918974907102,,,,,,,,
2026-09-24T19:37:28.416411+00:00,2026-09-24T19:37:27.856459+00:00,AAPL,SCALP-AAPL-71bf0b0ab61825087f5167e6,MICRO_PULLBACK,CONTEXT_ACCEPT,True,2026-09-24T19:35:08.120337+00:00,337.375,337.1301,2026-09-24T19:35:00+00:00,PASS,0.206979,False,BLOCKED,337.36,337.1301,337.86604000000005,2.201130926489908,1.3804236935358671,337.34,337.36,337.35,5.928560841867097e-05,0.559952,-7.4101519081049e-05,-2.9641925539447556e-05,1.4821621781901939e-05,-5.9282093843537886e-05,-0.0002963401985478509,-7.410679088493133e-05,0.00015329084466563484,PULLBACK_RECLAIM,False,True,V2_ARMED_WAITING,337.27,-0.0007665190057717375,337.33,-0.0005887563560855735,337.28,-0.0007368918974907102,,,,,,,,
2026-09-24T19:37:30.211657+00:00,2026-09-24T19:37:28.330456+00:00,AAPL,SCALP-AAPL-71bf0b0ab61825087f5167e6,MICRO_PULLBACK,CONTEXT_ACCEPT,True,2026-09-24T19:35:08.120337+00:00,337.375,337.1301,2026-09-24T19:35:00+00:00,PASS,0.18523,False,BLOCKED,337.37,337.1301,337.876055,2.109441433931004,1.281236623983245,337.34,337.37,337.355,8.892709460369509e-05,1.881201,-5.928121526488361e-05,-1.4820962769723778e-05,2.9643243563581834e-05,-4.446157038262566e-05,-0.0002815231886204028,-5.928582811520755e-05,0.0001540057045003661,PULLBACK_RECLAIM,False,True,V2_ARMED_WAITING,337.28,-0.0007665111021650794,337.33,-0.0006183799516524813,337.29,-0.00073688487206236,,,,,,,,
2026-09-24T19:37:30.211657+00:00,2026-09-24T19:37:29.160614+00:00,AMD,SCALP-AMD-15e80cc8685e1d330437e38f,EMA9_CONTINUATION,CONTEXT_ACCEPT,True,2026-09-24T19:35:11.930668+00:00,627.96,625.578517991133,2026-09-24T19:35:00+00:00,PASS,0.511511,False,BLOCKED,627.99,626.2047227138469,628.8,0.4537110320522299,0.22741484112269436,627.9,627.99,627.9449999999999,0.00014332465422932237,1.051043,-2.388687177545812e-05,0.00011148715906816875,0.00027079765839643777,0.0002548643245694482,-0.00019106302691618282,-4.7805581165016875e-05,0.00038249972954264224,EMA9_TURN_UP,False,True,V2_ARMED_WAITING,627.84,-0.000738612939083727,627.55,-0.0012001728942439005,627.88,-0.0006749494969927605,,,,,,,,
2026-09-24T19:37:32.249298+00:00,2026-09-24T19:37:31.130300+00:00,AMD,SCALP-AMD-15e80cc8685e1d330437e38f,EMA9_CONTINUATION,CONTEXT_ACCEPT,True,2026-09-24T19:35:11.930668+00:00,627.96,625.578517991133,2026-09-24T19:35:00+00:00,PASS,0.511519,False,BLOCKED,627.95,626.2047227138469,628.8,0.48702862676532926,0.2555574140099234,627.86,627.95,627.905,0.0001433337845693725,1.118998,-8.758519650942098e-05,4.77802110292469e-05,0.00016725071678891368,0.00023097999235366373,-0.00022291396317153378,-7.168458667705657e-05,0.00019376726972588498,EMA9_TURN_UP,False,True,V2_ARMED_WAITING,627.84,-0.0006749606491204263,627.55,-0.0011365500053446276,627.88,-0.0006112931517101572,,,,,,,,
2026-09-24T19:37:34.372457+00:00,2026-09-24T19:37:32.423076+00:00,AAPL,SCALP-AAPL-71bf0b0ab61825087f5167e6,MICRO_PULLBACK,CONTEXT_ACCEPT,True,2026-09-24T19:35:08.120337+00:00,337.375,337.1301,2026-09-24T19:35:00+00:00,PASS,0.17584,False,BLOCKED,337.37,337.1301,337.876055,2.109441433931004,1.281236623983245,337.34,337.37,337.355,8.892709460369509e-05,1.949381,-5.928121526488361e-05,1.4821402104736592e-05,-1.4820962769723778e-05,0.0,-0.0002222683223186417,4.446332764418415e-05,0.00015329120560642,PULLBACK_RECLAIM,False,True,V2_ARMED_WAITING,337.28,-0.0007665111021650794,337.34,-0.0005887537215499838,337.3,-0.0007072586419598625,,,,,,,,
2026-09-24T19:37:36.293562+00:00,2026-09-24T19:37:35.139785+00:00,AMD,SCALP-AMD-15e80cc8685e1d330437e38f,EMA9_CONTINUATION,CONTEXT_ACCEPT,True,2026-09-24T19:35:11.930668+00:00,627.96,625.578517991133,2026-09-24T19:35:00+00:00,PASS,0.508326,False,BLOCKED,628.0,626.2047227138469,628.8,0.4456136142145599,0.2094330320436977,627.89,628.0,627.9449999999999,0.00017517457739135378,1.153777,-2.388687177545812e-05,0.0,0.00011148715906816875,0.00027079765839643777,0.000175205268900136,-0.00011148715906816875,0.00020397044451121667,EMA9_TURN_UP,False,True,V2_ARMED_WAITING,627.92,-0.0006271998879261442,627.61,-0.0011205837075762837,627.86,-0.000722693530439078,,,,,,,,
2026-09-24T19:37:38.249550+00:00,2026-09-24T19:37:37.697703+00:00,AAPL,SCALP-AAPL-71bf0b0ab61825087f5167e6,MICRO_PULLBACK,CONTEXT_ACCEPT,True,2026-09-24T19:35:08.120337+00:00,337.375,337.1301,2026-09-24T19:35:00+00:00,PASS,0.195238,False,BLOCKED,337.36,337.1301,337.86604000000005,2.201130926489908,1.3804236935358671,337.34,337.36,337.35,5.928560841867097e-05,0.551847,-7.4101519081049e-05,-1.4821182433899516e-05,0.0,-2.9641925539447556e-05,-0.00017782519783038353,-2.9642584538636108e-05,7.842582766418394e-05,PULLBACK_RECLAIM,False,True,V2_ARMED_WAITING,337.31,-0.0006480105726474061,337.29,-0.0007072647892094608,337.34,-0.0005591292478045462,,,,,,,,
2026-09-24T19:37:38.249550+00:00,2026-09-24T19:37:37.509208+00:00,AMD,SCALP-AMD-15e80cc8685e1d330437e38f,EMA9_CONTINUATION,CONTEXT_ACCEPT,True,2026-09-24T19:35:11.930668+00:00,627.96,625.578517991133,2026-09-24T19:35:00+00:00,PASS,0.505143,False,BLOCKED,628.0,626.2047227138469,628.8,0.4456136142145599,0.19829056265506967,627.87,628.0,627.935,0.000207027797463106,0.740342,-3.9811452958948834e-05,4.777792818977389e-05,0.0001035246149678759,0.0001035246149678759,0.00015927751718192162,-7.966095254552386e-06,0.00020443611059877916,EMA9_TURN_UP,False,True,V2_ARMED_WAITING,627.92,-0.0006271998879261442,627.83,-0.0007704403516954894,627.86,-0.000722693530439078,,,,,,,,
2026-09-24T19:37:40.467915+00:00,2026-09-24T19:37:39.827858+00:00,AAPL,SCALP-AAPL-71bf0b0ab61825087f5167e6,MICRO_PULLBACK,CONTEXT_ACCEPT,True,2026-09-24T19:35:08.120337+00:00,337.375,337.1301,2026-09-24T19:35:00+00:00,PASS,0.164272,False,BLOCKED,337.31,337.1301,337.815965,2.8124791550865487,1.7082193766331901,337.28,337.31,337.29499999999996,8.894291347345666e-05,0.640057,-0.0002371248610597565,-0.0001778541892073493,-0.0001778541892073493,-0.00016303542315121433,-0.0003408316291751978,-0.0001778541892073493,0.0001809175493060521,PULLBACK_RECLAIM,False,True,V2_ARMED_WAITING,337.31,-0.0004998750312421585,337.31,-0.0004998750312421585,337.33,-0.0004406120313331652,,,,,,,,
2026-09-24T19:37:40.467915+00:00,2026-09-24T19:37:38.996009+00:00,AMD,SCALP-AMD-15e80cc8685e1d330437e38f,EMA9_CONTINUATION,CONTEXT_ACCEPT,True,2026-09-24T19:35:11.930668+00:00,627.96,625.578517991133,2026-09-24T19:35:00+00:00,PASS,0.498776,False,BLOCKED,628.0,626.2047227138469,628.8,0.4456136142145599,0.17600455916656554,627.83,628.0,627.915,0.0002707372813198587,1.471906,-7.166061532593027e-05,1.5925976063257963e-05,7.167088728543547e-05,6.370694803892185e-05,0.0001274220137454929,-3.981804738106831e-05,0.00020690232775896303,EMA9_TURN_UP,False,True,V2_ARMED_WAITING,627.9,-0.0006590311020971962,627.84,-0.00075452474461013,627.86,-0.000722693530439078,,,,,,,,
2026-09-24T19:37:42.272675+00:00,2026-09-24T19:37:41.767266+00:00,AAPL,SCALP-AAPL-71bf0b0ab61825087f5167e6,MICRO_PULLBACK,CONTEXT_ACCEPT,True,2026-09-24T19:35:08.120337+00:00,337.375,337.1301,2026-09-24T19:35:00+00:00,PASS,0.169416,False,BLOCKED,337.31,337.1301,337.815965,2.8124791550865487,1.7638099336080897,337.29,337.31,337.3,5.9294396679459854e-05,0.505409,-0.00022230455724336906,-0.00016303300677333876,-0.00016303300677333876,-0.00014821402104647774,-0.0002074873284524381,-0.00016303300677333876,0.00017599452836143981,PULLBACK_RECLAIM,False,True,V2_ARMED_WAITING,337.33,-0.0004406120313331652,337.3,-0.0005295065311967662,337.31,-0.0004998750312421585,,,,,,,,
2026-09-24T19:37:44.276810+00:00,2026-09-24T19:37:43.176821+00:00,AAPL,SCALP-AAPL-71bf0b0ab61825087f5167e6,MICRO_PULLBACK,CONTEXT_ACCEPT,True,2026-09-24T19:35:08.120337+00:00,337.375,337.1301,2026-09-24T19:35:00+00:00,PASS,0.155129,False,BLOCKED,337.31,337.1301,337.815965,2.8124791550865487,1.652627171505475,337.27,337.31,337.28999999999996,0.00011859230928880331,1.099989,-0.0002519451648760329,-0.0001778568252558399,-0.00019267537164135984,-0.0001778568252558399,-0.0002371283753743736,-0.00016303564282194039,0.00017847417287262884,PULLBACK_RECLAIM,False,True,V2_ARMED_WAITING,337.33,-0.0004406120313331652,337.3,-0.0005295065311967662,337.31,-0.0004998750312421585,,,,,,,,
2026-09-24T19:37:44.276810+00:00,2026-09-24T19:37:43.434576+00:00,AMD,SCALP-AMD-15e80cc8685e1d330437e38f,EMA9_CONTINUATION,CONTEXT_ACCEPT,True,2026-09-24T19:35:11.930668+00:00,627.96,625.578517991133,2026-09-24T19:35:00+00:00,PASS,0.509917,False,BLOCKED,628.0,626.2047227138469,628.8,0.4456136142145599,0.21500413365652368,627.9,628.0,627.95,0.0001592483477984278,0.842234,-1.5924581183490716e-05,2.3887822784285362e-05,7.166689228488288e-05,0.0001274149107299838,0.00023892959541260694,-2.3890105405488526e-05,0.0001981337566403339,EMA9_TURN_UP,False,True,V2_ARMED_WAITING,627.52,-0.0012638241713457399,627.85,-0.0007386091375245485,628.07,-0.0003884657816436432,,,,,,,,
2026-09-24T19:37:46.360910+00:00,2026-09-24T19:37:45.712141+00:00,AAPL,SCALP-AAPL-71bf0b0ab61825087f5167e6,MICRO_PULLBACK,CONTEXT_ACCEPT,True,2026-09-24T19:35:08.120337+00:00,337.375,337.1301,2026-09-24T19:35:00+00:00,PASS,0.156859,False,BLOCKED,337.31,337.1301,337.815965,2.8124791550865487,1.7082193766331901,337.28,337.31,337.29499999999996,8.894291347345666e-05,0.648769,-0.0002371248610597565,0.0,-0.0001778541892073493,-0.0001778541892073493,-0.0001778541892073493,0.0001778541892073493,0.00017661855143171504,PULLBACK_RECLAIM,False,True,V2_ARMED_WAITING,337.33,-0.0004406120313331652,337.3,-0.0005295065311967662,337.27,-0.0006184010310607002,,,,,,,,
2026-09-24T19:37:48.337036+00:00,2026-09-24T19:37:47.071498+00:00,AAPL,SCALP-AAPL-71bf0b0ab61825087f5167e6,MICRO_PULLBACK,CONTEXT_ACCEPT,True,2026-09-24T19:35:08.120337+00:00,337.375,337.1301,2026-09-24T19:35:00+00:00,PASS,0.156859,False,BLOCKED,337.31,337.1301,337.815965,2.8124791550865487,1.7082193766331901,337.28,337.31,337.29499999999996,8.894291347345666e-05,1.265538,-0.0002371248610597565,-1.4823599170044055e-05,-0.0001778541892073493,-0.0001778541892073493,-0.0001778541892073493,0.0001482094076032947,0.00017661855143171504,PULLBACK_RECLAIM,False,True,V2_ARMED_WAITING,337.34,-0.0004109805313785575,337.3,-0.0005295065311967662,337.27,-0.0006184010310607002,,,,,,,,
2026-09-24T19:37:48.337036+00:00,2026-09-24T19:37:47.017374+00:00,AMD,SCALP-AMD-15e80cc8685e1d330437e38f,EMA9_CONTINUATION,CONTEXT_ACCEPT,True,2026-09-24T19:35:11.930668+00:00,627.96,625.578517991133,2026-09-24T19:35:00+00:00,PASS,0.503555,False,BLOCKED,627.98,626.2047227138469,628.8,0.4618996741499234,0.20616181794378963,627.84,627.98,627.9100000000001,0.00022296188944273277,1.319662,-7.962290591745358e-05,-4.777526515264974e-05,-5.573736553332598e-05,7.962988031851026e-06,0.00023894481967645653,-3.981278436226976e-05,0.00019781069543098245,EMA9_TURN_UP,False,True,V2_ARMED_WAITING,627.54,-0.0012001840458387703,627.77,-0.0008341134245724025,628.15,-0.00022930109378460628,,,,,,,,
2026-09-24T19:37:50.304602+00:00,2026-09-24T19:37:49.128948+00:00,AAPL,SCALP-AAPL-71bf0b0ab61825087f5167e6,MICRO_PULLBACK,CONTEXT_ACCEPT,True,2026-09-24T19:35:08.120337+00:00,337.375,337.1301,2026-09-24T19:35:00+00:00,PASS,0.156859,False,BLOCKED,337.31,337.1301,337.815965,2.8124791550865487,1.7082193766331901,337.28,337.31,337.29499999999996,8.894291347345666e-05,1.175654,-0.0002371248610597565,1.4824038661043204e-05,-0.00016303542315121433,-0.0001778541892073493,-0.00014821621781879735,0.0001926808639168831,0.00017092977639851216,PULLBACK_RECLAIM,False,True,V2_ARMED_WAITING,337.34,-0.0004109805313785575,337.3,-0.0005295065311967662,337.27,-0.0006184010310607002,,,,,,,,
2026-09-24T19:37:52.281718+00:00,2026-09-24T19:37:50.925595+00:00,AAPL,SCALP-AAPL-71bf0b0ab61825087f5167e6,MICRO_PULLBACK,CONTEXT_ACCEPT,True,2026-09-24T19:35:08.120337+00:00,337.375,337.1301,2026-09-24T19:35:00+00:00,PASS,0.156859,False,BLOCKED,337.31,337.1301,337.815965,2.8124791550865487,1.7082193766331901,337.28,337.31,337.29499999999996,8.894291347345666e-05,1.356123,-0.0002371248610597565,0.0,0.0,-0.0001778541892073493,-0.00014821621781879735,0.0,0.00017092977639851216,PULLBACK_RECLAIM,False,True,V2_ARMED_WAITING,337.29,-0.0005591380311513738,337.3,-0.0005295065311967662,337.27,-0.0006184010310607002,,,,,,,,
2026-09-24T19:37:54.277257+00:00,2026-09-24T19:37:53.018715+00:00,AAPL,SCALP-AAPL-71bf0b0ab61825087f5167e6,MICRO_PULLBACK,CONTEXT_ACCEPT,True,2026-09-24T19:35:08.120337+00:00,337.375,337.1301,2026-09-24T19:35:00+00:00,PASS,0.159824,False,BLOCKED,337.33,337.1301,337.835995,2.531240620310701,1.5874407558342971,337.31,337.33,337.32,5.929088106243867e-05,1.258542,-0.00016302334197848545,7.411909456123134e-05,5.9294396679510086e-05,-8.892841262797546e-05,-0.00011856770215801227,8.894269373127539e-05,0.0001839347299683667,PULLBACK_RECLAIM,False,True,V2_ARMED_WAITING,337.29,-0.0006183940037578495,337.3,-0.0005887642606289267,337.26,-0.0007072832331448398,,,,,,,,
2026-09-24T19:37:54.277257+00:00,2026-09-24T19:37:52.885549+00:00,AMD,SCALP-AMD-15e80cc8685e1d330437e38f,EMA9_CONTINUATION,CONTEXT_ACCEPT,True,2026-09-24T19:35:11.930668+00:00,627.96,625.578517991133,2026-09-24T19:35:00+00:00,PASS,0.516287,False,BLOCKED,627.98,626.2047227138469,628.8,0.4618996741499234,0.25123237761692546,627.92,627.98,627.95,9.554900867912909e-05,1.391708,-1.5924581183490716e-05,7.166689228488288e-05,1.592508838421658e-05,2.3887822784285362e-05,0.0001274149107299838,0.00012740470162986295,0.0001739165431068409,EMA9_TURN_UP,True,True,V2_TRIGGER_GEOMETRY_BLOCKED,627.83,-0.0007386167407636979,627.78,-0.000818197310604285,628.15,-0.00022930109378460628,,,,,,,,
2026-09-24T19:37:56.381272+00:00,2026-09-24T19:37:55.803597+00:00,AAPL,SCALP-AAPL-71bf0b0ab61825087f5167e6,MICRO_PULLBACK,CONTEXT_ACCEPT,True,2026-09-24T19:35:08.120337+00:00,337.375,337.1301,2026-09-24T19:35:00+00:00,PASS,0.158095,False,BLOCKED,337.34,337.1301,337.84601,2.410719390186402,1.4642147021203127,337.31,337.34,337.325,8.893500333498175e-05,0.577675,-0.00014820303816232006,8.894291347338878e-05,8.894291347338878e-05,8.894291347338878e-05,-7.410701052334989e-05,8.894291347338878e-05,0.00018453102157797125,PULLBACK_RECLAIM,False,True,V2_ARMED_WAITING,337.31,-0.0005887616256247119,337.28,-0.0006776482200075984,337.28,-0.0006776482200075984,,,,,,,,
2026-09-24T19:37:56.381272+00:00,2026-09-24T19:37:54.594557+00:00,AMD,SCALP-AMD-15e80cc8685e1d330437e38f,EMA9_CONTINUATION,CONTEXT_ACCEPT,True,2026-09-24T19:35:11.930668+00:00,627.96,625.578517991133,2026-09-24T19:35:00+00:00,PASS,0.513104,False,BLOCKED,627.98,626.2047227138469,628.8,0.4618996741499234,0.2399652760131263,627.9,627.98,627.94,0.00012740070707398943,1.786715,-3.184916236698143e-05,5.5740916221624914e-05,4.777754773765963e-05,0.0,0.00010352379056355332,6.370384084475322e-05,0.00017446245754045638,EMA9_TURN_UP,True,True,V2_TRIGGER_GEOMETRY_BLOCKED,627.84,-0.0007227006267956915,627.8,-0.0007863650826680502,628.15,-0.00022930109378460628,,,,,,,,
2026-09-24T19:37:58.516259+00:00,2026-09-24T19:37:57.478275+00:00,AAPL,SCALP-AAPL-71bf0b0ab61825087f5167e6,MICRO_PULLBACK,CONTEXT_ACCEPT,True,2026-09-24T19:35:08.120337+00:00,337.375,337.1301,2026-09-24T19:35:00+00:00,PASS,0.159825,False,BLOCKED,337.35,337.1301,337.85602500000005,2.3011596180082323,1.4431532838849896,337.33,337.35,337.34000000000003,5.9287365862449315e-05,1.037984,-0.00010374212671349081,0.00013341437021030522,0.00013341437021030522,0.00011858879335902017,-2.964280420925114e-05,0.00013341437021030522,0.00018981321510680313,PULLBACK_RECLAIM,False,True,V2_ARMED_WAITING,337.3,-0.0006480149638001809,337.28,-0.0007072709368235452,337.28,-0.0007072709368235452,,,,,,,,
2026-09-24T19:37:58.516259+00:00,2026-09-24T19:37:57.276306+00:00,AMD,SCALP-AMD-15e80cc8685e1d330437e38f,EMA9_CONTINUATION,CONTEXT_ACCEPT,True,2026-09-24T19:35:11.930668+00:00,627.96,625.578517991133,2026-09-24T19:35:00+00:00,PASS,0.513104,False,BLOCKED,627.98,626.2047227138469,628.8,0.4618996741499234,0.2399652760131263,627.9,627.98,627.94,0.00012740070707398943,1.239953,-3.184916236698143e-05,5.5740916221624914e-05,5.5740916221624914e-05,0.0,0.00011148804688887459,5.5740916221624914e-05,0.00012715539037472647,EMA9_TURN_UP,True,True,V2_TRIGGER_GEOMETRY_BLOCKED,627.85,-0.000706784512827463,627.88,-0.0006590361709233328,628.29,-6.47549823129534e-06,,,,,,,,
2026-09-24T19:38:00.456838+00:00,2026-09-24T19:37:59.886997+00:00,AAPL,SCALP-AAPL-71bf0b0ab61825087f5167e6,MICRO_PULLBACK,CONTEXT_ACCEPT,True,2026-09-24T19:35:08.120337+00:00,337.375,337.1301,2026-09-24T19:35:00+00:00,PASS,0.159825,False,BLOCKED,337.35,337.1301,337.85602500000005,2.3011596180082323,1.4431532838849896,337.33,337.35,337.34000000000003,5.9287365862449315e-05,0.569841,-0.00010374212671349081,5.9290881062601386e-05,0.00013341437021030522,0.00014824038661109817,-4.446354730180957e-05,-1.482821349862995e-05,0.00018923367213271328,PULLBACK_RECLAIM,False,False,V2_ARMED_WAITING,337.3,-0.0006480149638001809,337.27,-0.0007368989233350609,337.28,-0.0007072709368235452,,,,,,,,
2026-09-24T19:38:00.456838+00:00,2026-09-24T19:37:59.018569+00:00,AMD,SCALP-AMD-15e80cc8685e1d330437e38f,EMA9_CONTINUATION,CONTEXT_ACCEPT,True,2026-09-24T19:35:11.930668+00:00,627.96,625.578517991133,2026-09-24T19:35:00+00:00,PASS,0.49883,False,BLOCKED,627.69,626.2047227138469,628.6315350000001,0.6339119360254588,0.3081357132643239,627.52,627.69,627.605,0.00027087100963197035,1.438269,-0.0005653226320148086,-0.0005494067999044505,-0.00047777928189762786,-0.00048573840200039076,-0.0004220618917928354,-0.0006210736921893334,0.0005484346498379923,EMA9_TURN_UP,False,False,V2_ARMED_WAITING,627.84,-0.0002610230203049513,627.88,-0.00019732915072168122,628.29,0.00045553301250733647,,,,,,,,
2026-09-24T19:38:02.493436+00:00,2026-09-24T19:38:01.796237+00:00,AAPL,SCALP-AAPL-71bf0b0ab61825087f5167e6,MICRO_PULLBACK,CONTEXT_ACCEPT,True,2026-09-24T19:35:08.120337+00:00,337.375,337.1301,2026-09-24T19:35:00+00:00,PASS,0.159824,False,BLOCKED,337.34,337.1301,337.84601,2.410719390186402,1.5118599671694282,337.32,337.34,337.33,5.9289123410256455e-05,0.697199,-0.00013338273434615466,1.4822500555844442e-05,0.00010376673238576828,0.00010376673238576828,-7.410591216971962e-05,-7.412041291754434e-05,0.00019154145923680704,PULLBACK_RECLAIM,False,False,V2_ARMED_WAITING,337.3,-0.0006183904904190074,337.3,-0.0006183904904190074,337.28,-0.0006776482200075984,,,,,,,,
2026-09-24T19:38:02.493436+00:00,2026-09-24T19:38:01.802442+00:00,AMD,SCALP-AMD-15e80cc8685e1d330437e38f,EMA9_CONTINUATION,CONTEXT_ACCEPT,True,2026-09-24T19:35:11.930668+00:00,627.96,625.578517991133,2026-09-24T19:35:00+00:00,PASS,0.503607,False,BLOCKED,627.69,626.2047227138469,628.6315350000001,0.6339119360254588,0.32833895058015017,627.55,627.69,627.62,0.0002230649118895192,0.690994,-0.0005414357602395725,-0.0005096028282958187,-0.00045389031780285194,-0.00046184962813156094,-0.00045389031780285194,-0.0005653437445174436,0.0005415126366220596,EMA9_TURN_UP,False,False,V2_ARMED_WAITING,627.77,-0.0003724872920758404,627.86,-0.00022917608551331625,628.15,0.00023260446896578024,,,,,,,,
2026-09-24T19:38:04.279463+00:00,2026-09-24T19:38:02.305640+00:00,AMD,SCALP-AMD-15e80cc8685e1d330437e38f,EMA9_CONTINUATION,CONTEXT_ACCEPT,True,2026-09-24T19:35:11.930668+00:00,627.96,625.578517991133,2026-09-24T19:35:00+00:00,PASS,0.502015,False,BLOCKED,627.69,626.2047227138469,628.6315350000001,0.6339119360254588,0.32160464544319034,627.54,627.69,627.615,0.0002390000239001473,1.973823,-0.0005493980508313179,-0.000517565372487927,-0.0004618533058343699,-0.0004618533058343699,-0.0004618533058343699,-0.0005733062887095519,0.0005415712348349058,EMA9_TURN_UP,False,False,V2_ARMED_WAITING,627.77,-0.0003724872920758404,627.86,-0.00022917608551331625,628.15,0.00023260446896578024,,,,,,,,
2026-09-24T19:38:06.340726+00:00,2026-09-24T19:38:05.358233+00:00,AAPL,SCALP-AAPL-71bf0b0ab61825087f5167e6,MICRO_PULLBACK,CONTEXT_ACCEPT,True,2026-09-24T19:35:08.120337+00:00,337.375,337.1301,2026-09-24T19:35:00+00:00,PASS,0.159825,False,BLOCKED,337.36,337.1301,337.86604000000005,2.201130926489908,1.3804236935358671,337.34,337.36,337.35,5.928560841867097e-05,0.982493,-7.4101519081049e-05,2.9643682931235205e-05,8.893632159390208e-05,0.00016306200803462012,-1.4821182433899516e-05,-2.964719813136618e-05,0.00019438786916033723,PULLBACK_RECLAIM,False,False,V2_ARMED_WAITING,337.3,-0.0006776376809284335,337.34,-0.0005591292478045462,337.28,-0.0007368918974907102,,,,,,,,
2026-09-24T19:38:06.340726+00:00,2026-09-24T19:38:05.002291+00:00,AMD,SCALP-AMD-15e80cc8685e1d330437e38f,EMA9_CONTINUATION,CONTEXT_ACCEPT,True,2026-09-24T19:35:11.930668+00:00,627.96,625.578517991133,2026-09-24T19:35:00+00:00,PASS,0.502015,False,BLOCKED,627.69,626.2047227138469,628.6315350000001,0.6339119360254588,0.32160464544319034,627.54,627.69,627.615,0.0002390000239001473,1.338435,-0.0005493980508313179,1.593358880191964e-05,-0.000517565372487927,-0.0004618533058343699,-0.0004618533058343699,0.0005494240496740632,0.0005415712348349058,EMA9_TURN_UP,True,False,V2_TRIGGER_GEOMETRY_BLOCKED,627.78,-0.00035656382467985637,627.86,-0.00022917608551331625,628.17,0.00026445140375730425,,,,,,,,
2026-09-24T19:38:08.652292+00:00,2026-09-24T19:38:08.463516+00:00,AAPL,SCALP-AAPL-71bf0b0ab61825087f5167e6,MICRO_PULLBACK,CONTEXT_ACCEPT,True,2026-09-24T19:35:08.120337+00:00,337.375,337.1301,2026-09-24T19:35:00+00:00,PASS,0.156859,False,BLOCKED,337.31,337.1301,337.815965,2.8124791550865487,1.7082193766331901,337.28,337.31,337.29499999999996,8.894291347345666e-05,0.188776,-0.0002371248610597565,-0.00011857648924662456,-0.0001333965731904474,-7.411360132825173e-05,-0.00016303542315121433,-0.00010375464778089594,0.00019438786916033723,PULLBACK_RECLAIM,False,False,V2_ARMED_WAITING,337.28,-0.0005887695311062036,337.34,-0.0004109805313785575,337.29,-0.0005591380311513738,,,,,,,,
2026-09-24T19:38:08.652292+00:00,2026-09-24T19:38:07.045589+00:00,AMD,SCALP-AMD-15e80cc8685e1d330437e38f,EMA9_CONTINUATION,CONTEXT_ACCEPT,True,2026-09-24T19:35:11.930668+00:00,627.96,625.578517991133,2026-09-24T19:35:00+00:00,PASS,0.500408,False,BLOCKED,627.77,626.2047227138469,628.7116550000001,0.6015898961354338,0.29882859216449753,627.61,627.77,627.69,0.0002549028979272701,1.606703,-0.00042996369195491546,0.00011153245594486272,-0.0003981272096059696,-0.0003424084853599352,-0.0004060865203160402,0.0006211352842406814,0.0005543699584711551,EMA9_TURN_UP,True,False,V2_TRIGGER_GEOMETRY_BLOCKED,627.78,-0.00048395359305664076,627.86,-0.0003565820875730541,628.28,0.0003121183162164698,,,,,,,,
2026-09-24T19:38:10.607143+00:00,2026-09-24T19:38:08.796462+00:00,AMD,SCALP-AMD-15e80cc8685e1d330437e38f,EMA9_CONTINUATION,CONTEXT_ACCEPT,True,2026-09-24T19:35:11.930668+00:00,627.96,625.578517991133,2026-09-24T19:35:00+00:00,PASS,0.509931,False,BLOCKED,627.93,626.2047227138469,628.8,0.5042667674248867,0.2643210110948693,627.83,627.93,627.88,0.00015926610180274741,1.810681,-0.00012739664946814777,0.0004222333755565799,-9.555053030552152e-05,-0.00011147384345899791,-8.758868354197258e-05,0.0009397987480445069,0.0006315759949123697,EMA9_TURN_UP,True,False,V2_TRIGGER_GEOMETRY_BLOCKED,627.8,-0.0007068009883487436,627.86,-0.0006112967004533454,628.28,5.723331481410909e-05,,,,,,,,
2026-09-24T19:38:12.337177+00:00,2026-09-24T19:38:11.050451+00:00,AAPL,SCALP-AAPL-71bf0b0ab61825087f5167e6,MICRO_PULLBACK,CONTEXT_ACCEPT,True,2026-09-24T19:35:08.120337+00:00,337.375,337.1301,2026-09-24T19:35:00+00:00,PASS,0.163036,False,BLOCKED,337.34,337.1301,337.84601,2.410719390186402,1.4642147021203127,337.31,337.34,337.325,8.893500333498175e-05,1.286726,-0.00014820303816232006,-7.410701052334989e-05,-4.446552439685281e-05,0.0,8.894291347338878e-05,-0.0001037506934545851,0.00017970993545474016,PULLBACK_RECLAIM,False,False,V2_ARMED_WAITING,337.28,-0.0006776482200075984,337.33,-0.000529503896036454,337.29,-0.0006480193552131919,,,,,,,,
2026-09-24T19:38:12.337177+00:00,2026-09-24T19:38:10.922066+00:00,AMD,SCALP-AMD-15e80cc8685e1d330437e38f,EMA9_CONTINUATION,CONTEXT_ACCEPT,True,2026-09-24T19:35:11.930668+00:00,627.96,625.578517991133,2026-09-24T19:35:00+00:00,PASS,0.506742,False,BLOCKED,627.96,626.2047227138469,628.8000000000001,0.4785568676963357,0.23130734751071902,627.84,627.96,627.9000000000001,0.0001911132345915027,1.415111,-9.554748710105532e-05,0.00045410004541013294,0.00047004086965540814,-6.370035353686632e-05,-6.370035353686632e-05,0.0004381664566082133,0.0006305714781343119,EMA9_TURN_UP,True,False,V2_TRIGGER_GEOMETRY_BLOCKED,627.8,-0.0007545409653703095,627.8,-0.0007545409653703095,628.36,0.00013678980407760832,,,,,,,,
2026-09-24T19:38:14.303366+00:00,2026-09-24T19:38:14.003036+00:00,AMD,SCALP-AMD-15e80cc8685e1d330437e38f,EMA9_CONTINUATION,CONTEXT_ACCEPT,True,2026-09-24T19:35:11.930668+00:00,627.96,625.578517991133,2026-09-24T19:35:00+00:00,PASS,0.505146,False,BLOCKED,627.98,626.2047227138469,628.8,0.4618996741499234,0.21179595193221673,627.85,627.98,627.915,0.00020703439159758163,0.30033,-7.166061532593027e-05,5.5743135630947904e-05,0.00047800004779996463,-3.981272096076349e-05,7.962924622795242e-06,-0.000366490239925632,0.0006310238353111543,EMA9_TURN_UP,False,False,V2_ARMED_WAITING,627.88,-0.0006590361709233328,628.07,-0.00035663000552921265,628.36,0.00010493729954541564,,,,,,,,
2026-09-24T19:38:16.344025+00:00,2026-09-24T19:38:15.543658+00:00,AAPL,SCALP-AAPL-71bf0b0ab61825087f5167e6,MICRO_PULLBACK,CONTEXT_ACCEPT,True,2026-09-24T19:35:08.120337+00:00,337.375,337.1301,2026-09-24T19:35:00+00:00,PASS,0.16353,False,BLOCKED,337.32,337.1301,337.82598,2.664454976303795,1.6709816064965077,337.3,337.32,337.31,5.929263881883671e-05,0.800367,-0.00019266394961092725,1.4823379433925865e-05,-0.0001185712168372266,-8.893104879359459e-05,5.929615464439486e-05,0.00014821599837577804,0.00017475032620536035,PULLBACK_RECLAIM,False,False,V2_ARMED_WAITING,337.27,-0.0006480281388209219,337.27,-0.0006480281388209219,337.34,-0.00044061378821091957,,,,,,,,
2026-09-24T19:38:16.344025+00:00,2026-09-24T19:38:15.121314+00:00,AMD,SCALP-AMD-15e80cc8685e1d330437e38f,EMA9_CONTINUATION,CONTEXT_ACCEPT,True,2026-09-24T19:35:11.930668+00:00,627.96,625.578517991133,2026-09-24T19:35:00+00:00,PASS,0.511522,False,BLOCKED,627.93,626.2047227138469,628.8,0.5042667674248867,0.270118057841844,627.84,627.93,627.885,0.00014333835017545912,1.222711,-0.00011943435887640241,7.963305090230577e-06,0.0004302000430200792,0.00044614048645241766,-3.981462311497541e-05,-0.00041427007046634934,0.0006328299443335658,EMA9_TURN_UP,False,False,V2_ARMED_WAITING,627.88,-0.000579461937821657,628.07,-0.0002770316928194516,628.36,0.00018457236534108468,,,,,,,,
2026-09-24T19:38:18.388122+00:00,2026-09-24T19:38:16.461349+00:00,AAPL,SCALP-AAPL-71bf0b0ab61825087f5167e6,MICRO_PULLBACK,CONTEXT_ACCEPT,True,2026-09-24T19:35:08.120337+00:00,337.375,337.1301,2026-09-24T19:35:00+00:00,PASS,0.16353,False,BLOCKED,337.32,337.1301,337.82598,2.664454976303795,1.6709816064965077,337.3,337.32,337.31,5.929263881883671e-05,1.926773,-0.00019266394961092725,-2.964544053118967e-05,-0.0001185712168372266,-8.893104879359459e-05,4.447145673691644e-05,5.928297209678579e-05,0.00017475032620536035,PULLBACK_RECLAIM,False,False,V2_ARMED_WAITING,337.3,-0.0005591362742736194,337.27,-0.0006480281388209219,337.34,-0.00044061378821091957,,,,,,,,
2026-09-24T19:38:20.334965+00:00,2026-09-24T19:38:20.067261+00:00,AAPL,SCALP-AAPL-71bf0b0ab61825087f5167e6,MICRO_PULLBACK,CONTEXT_ACCEPT,True,2026-09-24T19:35:08.120337+00:00,337.375,337.1301,2026-09-24T19:35:00+00:00,PASS,0.163036,False,BLOCKED,337.33,337.1301,337.835995,2.531240620310701,1.5374120356953236,337.3,337.33,337.315,8.89376398914152e-05,0.267704,-0.00017784364579476186,-1.4822720265650347e-05,2.9646758868073775e-05,-5.928824462320126e-05,5.9295275649073886e-05,-5.9292858567649986e-05,0.00017537788507253108,PULLBACK_RECLAIM,False,False,V2_ARMED_WAITING,337.34,-0.00047024528811334676,337.27,-0.000677653490015917,,,,,,,,,,
2026-09-24T19:38:20.334965+00:00,2026-09-24T19:38:18.781700+00:00,AMD,SCALP-AMD-15e80cc8685e1d330437e38f,EMA9_CONTINUATION,CONTEXT_ACCEPT,True,2026-09-24T19:35:11.930668+00:00,627.96,625.578517991133,2026-09-24T19:35:00+00:00,PASS,0.505161,False,BLOCKED,627.9,626.2047227138469,628.8000000000001,0.5308866032425331,0.2690041002582378,627.77,627.9,627.835,0.00020706077233667355,1.553265,-0.00019905726479396701,-0.0001035196687371176,0.00023100575124668232,0.00035053336838664073,-0.00011148183244269472,-0.00043807972226672653,0.0006337314167899456,EMA9_TURN_UP,False,False,V2_ARMED_WAITING,627.86,-0.000563547598528058,628.15,-0.00010192148570609127,,,,,,,,,,
2026-09-24T19:38:24.339129+00:00,2026-09-24T19:38:23.297885+00:00,AAPL,SCALP-AAPL-71bf0b0ab61825087f5167e6,MICRO_PULLBACK,CONTEXT_ACCEPT,True,2026-09-24T19:35:08.120337+00:00,337.375,337.1301,2026-09-24T19:35:00+00:00,PASS,0.181771,False,BLOCKED,337.31,337.1301,337.815965,2.8124791550865487,1.8193988425028353,337.3,337.31,337.305,2.9646758868059782e-05,1.041244,-0.00020748425342720367,-1.4823159704691058e-05,-4.446816079684002e-05,-0.00013339261894185217,-4.446816079684002e-05,1.4822280826498613e-05,0.00015963550661178452,PULLBACK_RECLAIM,False,False,V2_ARMED_WAITING,337.34,-0.0004109805313785575,337.26,-0.0006480325310153079,,,,,,,,,,
2026-09-24T19:38:24.339129+00:00,2026-09-24T19:38:23.289526+00:00,AMD,SCALP-AMD-15e80cc8685e1d330437e38f,EMA9_CONTINUATION,CONTEXT_ACCEPT,True,2026-09-24T19:35:11.930668+00:00,627.96,625.578517991133,2026-09-24T19:35:00+00:00,PASS,0.517909,False,BLOCKED,627.83,626.2047227138469,628.7717450000001,0.5794365109408484,0.3555258009563876,627.78,627.83,627.8050000000001,7.964256417210473e-05,1.049603,-0.00024683100834443916,-0.0001274118668226354,-0.00015129797738500095,0.00018321145788524618,-0.0002309101043076467,-0.00010352271249858269,0.0006348314103770136,EMA9_TURN_UP,False,False,V2_ARMED_WAITING,627.86,-0.0004521152813912188,628.15,9.562300503418442e-06,,,,,,,,,,
2026-09-24T19:38:26.334921+00:00,2026-09-24T19:38:25.516010+00:00,AAPL,SCALP-AAPL-71bf0b0ab61825087f5167e6,MICRO_PULLBACK,CONTEXT_ACCEPT,True,2026-09-24T19:35:08.120337+00:00,337.375,337.1301,2026-09-24T19:35:00+00:00,PASS,0.174729,False,BLOCKED,337.29,337.1301,337.79593500000004,3.164071294559233,2.046840849014271,337.28,337.29,337.28499999999997,2.9648516833087003e-05,0.818911,-0.0002667654686921983,-7.411579852367733e-05,-0.0001037590418594414,-5.929351773625857e-05,-0.0001037590418594414,-4.4470357992487664e-05,0.00017029156237682803,PULLBACK_RECLAIM,False,False,V2_ARMED_WAITING,337.33,-0.00038134200328798773,337.28,-0.000529508288231062,,,,,,,,,,
2026-09-24T19:38:26.334921+00:00,2026-09-24T19:38:24.592200+00:00,AMD,SCALP-AMD-15e80cc8685e1d330437e38f,EMA9_CONTINUATION,CONTEXT_ACCEPT,True,2026-09-24T19:35:11.930668+00:00,627.96,625.578517991133,2026-09-24T19:35:00+00:00,PASS,0.506749,False,BLOCKED,627.92,626.2047227138469,628.8,0.5130365842910207,0.26003290317897365,627.8,627.92,627.8599999999999,0.00019112541012328315,1.742721,-0.00015924581183535125,7.964192988318963e-05,-8.75914733683425e-05,-3.185322036070026e-05,-0.00014332351301882262,0.0002468620154043588,0.0006408477780369944,EMA9_TURN_UP,True,False,V2_TRIGGER_GEOMETRY_BLOCKED,627.8,-0.0006908866489582222,628.15,-0.0001337694306199344,,,,,,,,,,
2026-09-24T19:38:28.371443+00:00,2026-09-24T19:38:27.881233+00:00,AAPL,SCALP-AAPL-71bf0b0ab61825087f5167e6,MICRO_PULLBACK,CONTEXT_ACCEPT,True,2026-09-24T19:35:08.120337+00:00,337.375,337.1301,2026-09-24T19:35:00+00:00,PASS,0.174729,False,BLOCKED,337.29,337.1301,337.79593500000004,3.164071294559233,2.046840849014271,337.28,337.29,337.28499999999997,2.9648516833087003e-05,0.49021,-0.0002667654686921983,-7.411579852367733e-05,-7.411579852367733e-05,-0.0001037590418594414,-0.00016304025612157158,-7.411579852367733e-05,0.00016438326408783007,PULLBACK_RECLAIM,False,False,V2_ARMED_WAITING,337.31,-0.0004406085172650176,337.28,-0.000529508288231062,,,,,,,,,,
2026-09-24T19:38:28.371443+00:00,2026-09-24T19:38:27.005184+00:00,AMD,SCALP-AMD-15e80cc8685e1d330437e38f,EMA9_CONTINUATION,CONTEXT_ACCEPT,True,2026-09-24T19:35:11.930668+00:00,627.96,625.578517991133,2026-09-24T19:35:00+00:00,PASS,0.506749,False,BLOCKED,627.92,626.2047227138469,628.8,0.5130365842910207,0.26003290317897365,627.8,627.92,627.8599999999999,0.00019112541012328315,1.366259,-0.00015924581183535125,7.964192988318963e-05,-3.9816208382226215e-05,-6.370441153080719e-05,-0.00012740070707417672,0.0001990905550295352,0.0006408477780369944,EMA9_TURN_UP,True,False,V2_TRIGGER_GEOMETRY_BLOCKED,627.95,-0.00045212212681322583,628.29,8.907745671549172e-05,,,,,,,,,,
2026-09-24T19:38:30.435014+00:00,2026-09-24T19:38:28.543172+00:00,AAPL,SCALP-AAPL-71bf0b0ab61825087f5167e6,MICRO_PULLBACK,CONTEXT_ACCEPT,True,2026-09-24T19:35:08.120337+00:00,337.375,337.1301,2026-09-24T19:35:00+00:00,PASS,0.171764,False,BLOCKED,337.31,337.1301,337.815965,2.8124791550865487,1.7638099336080897,337.29,337.31,337.3,5.9294396679459854e-05,1.891842,-0.00022230455724336906,-1.4823379434036887e-05,-2.9646319409382116e-05,-5.9290881062490364e-05,-0.00011857473172471877,-2.19729345829478e-10,0.00017029293952059837,PULLBACK_RECLAIM,False,False,V2_ARMED_WAITING,337.31,-0.0004998750312421585,337.28,-0.0005887695311062036,,,,,,,,,,
2026-09-24T19:38:30.435014+00:00,2026-09-24T19:38:30.221504+00:00,AMD,SCALP-AMD-15e80cc8685e1d330437e38f,EMA9_CONTINUATION,CONTEXT_ACCEPT,True,2026-09-24T19:35:11.930668+00:00,627.96,625.578517991133,2026-09-24T19:35:00+00:00,PASS,0.506734,False,BLOCKED,628.0,626.2047227138469,628.8,0.4456136142145599,0.20386184171058613,627.88,628.0,627.94,0.0001911010606108936,0.21351,-3.184916236698143e-05,0.00012741694008244764,0.0002070690176965151,8.759565844074224e-05,0.0005337752248628647,4.7775010199258006e-05,0.0003764806118196733,EMA9_TURN_UP,True,False,V2_TRIGGER_GEOMETRY_BLOCKED,628.07,-0.0003884657816436432,628.29,-3.832242576318201e-05,,,,,,,,,,
2026-09-24T19:38:32.380160+00:00,2026-09-24T19:38:31.253451+00:00,AAPL,SCALP-AAPL-71bf0b0ab61825087f5167e6,MICRO_PULLBACK,CONTEXT_ACCEPT,True,2026-09-24T19:35:08.120337+00:00,337.375,337.1301,2026-09-24T19:35:00+00:00,PASS,0.166495,False,BLOCKED,337.28,337.1301,337.78592,3.3750500333567968,2.1833212258382155,337.27,337.28,337.275,2.9649395893531706e-05,1.126709,-0.0002964060763246401,-2.964851683295855e-05,-0.00010376211793317047,-0.00010376211793317047,-0.00019268393905269576,4.4467281690718785e-05,0.0001851309687082878,PULLBACK_RECLAIM,False,False,V2_ARMED_WAITING,337.27,-0.0005295091668260365,337.28,-0.0004998750312422695,,,,,,,,,,
2026-09-24T19:38:32.380160+00:00,2026-09-24T19:38:31.425884+00:00,AMD,SCALP-AMD-15e80cc8685e1d330437e38f,EMA9_CONTINUATION,CONTEXT_ACCEPT,True,2026-09-24T19:35:11.930668+00:00,627.96,625.578517991133,2026-09-24T19:35:00+00:00,PASS,0.506734,False,BLOCKED,628.0,626.2047227138469,628.8,0.4456136142145599,0.20386184171058613,627.88,628.0,627.94,0.0001911010606108936,0.954276,-3.184916236698143e-05,0.00012741694008244764,0.0002070690176965151,8.759565844074224e-05,0.0005337752248628647,4.7775010199258006e-05,0.0003764806118196733,EMA9_TURN_UP,True,False,V2_TRIGGER_GEOMETRY_BLOCKED,628.13,-0.00029297213913093145,628.15,-0.00026114092495999053,,,,,,,,,,
2026-09-24T19:38:34.346698+00:00,2026-09-24T19:38:33.931870+00:00,AAPL,SCALP-AAPL-71bf0b0ab61825087f5167e6,MICRO_PULLBACK,CONTEXT_ACCEPT,True,2026-09-24T19:35:08.120337+00:00,337.375,337.1301,2026-09-24T19:35:00+00:00,PASS,0.171146,False,BLOCKED,337.33,337.1301,337.835995,2.531240620310701,1.5374120356953236,337.3,337.33,337.315,8.89376398914152e-05,0.414828,-0.00017784364579476186,4.4470797509577054e-05,2.9646758868073775e-05,1.482315970480208e-05,-5.928824462320126e-05,5.929417694361394e-05,0.0002153174886820613,PULLBACK_RECLAIM,False,False,V2_ARMED_WAITING,337.29,-0.0006183940037578495,337.28,-0.0006480237468869943,,,,,,,,,,
2026-09-24T19:38:34.346698+00:00,2026-09-24T19:38:33.066510+00:00,AMD,SCALP-AMD-15e80cc8685e1d330437e38f,EMA9_CONTINUATION,CONTEXT_ACCEPT,True,2026-09-24T19:35:11.930668+00:00,627.96,625.578517991133,2026-09-24T19:35:00+00:00,PASS,0.506738,False,BLOCKED,627.98,626.2047227138469,628.8,0.4618996741499234,0.21742999619370432,627.86,627.98,627.9200000000001,0.00019110714740732025,1.280188,-6.369832473396286e-05,9.556270506183573e-05,0.00017521224574323924,5.5742691735138905e-05,0.0004859667152634639,1.5920775178646096e-05,0.0003777414698667147,EMA9_TURN_UP,True,False,V2_TRIGGER_GEOMETRY_BLOCKED,628.15,-0.00022930109378460628,628.15,-0.00022930109378460628,,,,,,,,,,
2026-09-24T19:38:36.334656+00:00,2026-09-24T19:38:34.670590+00:00,AAPL,SCALP-AAPL-71bf0b0ab61825087f5167e6,MICRO_PULLBACK,CONTEXT_ACCEPT,True,2026-09-24T19:35:08.120337+00:00,337.375,337.1301,2026-09-24T19:35:00+00:00,PASS,0.176458,False,BLOCKED,337.33,337.1301,337.835995,2.531240620310701,1.5874407558342971,337.31,337.33,337.32,5.929088106243867e-05,1.664066,-0.00016302334197848545,5.9294396679510086e-05,4.447013830199964e-05,2.9646319409382116e-05,-4.44661834674287e-05,7.411777611354697e-05,0.00021582710784805615,PULLBACK_RECLAIM,False,False,V2_ARMED_WAITING,337.27,-0.000677653490015917,337.28,-0.0006480237468869943,,,,,,,,,,
2026-09-24T19:38:36.334656+00:00,2026-09-24T19:38:35.400835+00:00,AMD,SCALP-AMD-15e80cc8685e1d330437e38f,EMA9_CONTINUATION,CONTEXT_ACCEPT,True,2026-09-24T19:35:11.930668+00:00,627.96,625.578517991133,2026-09-24T19:35:00+00:00,PASS,0.506738,False,BLOCKED,627.98,626.2047227138469,628.8,0.4618996741499234,0.21742999619370432,627.86,627.98,627.9200000000001,0.00019110714740732025,0.933821,-6.369832473396286e-05,-3.185017676843316e-05,9.556270506183573e-05,0.00017521224574323924,0.0004859667152634639,-0.0001592671168508808,0.0003583411296530233,EMA9_TURN_UP,False,False,V2_ARMED_WAITING,628.15,-0.00022930109378460628,628.17,-0.00019746886584848244,,,,,,,,,,
2026-09-24T19:38:38.398210+00:00,2026-09-24T19:38:38.148318+00:00,AAPL,SCALP-AAPL-71bf0b0ab61825087f5167e6,MICRO_PULLBACK,CONTEXT_ACCEPT,True,2026-09-24T19:35:08.120337+00:00,337.375,337.1301,2026-09-24T19:35:00+00:00,PASS,0.186464,False,BLOCKED,337.35,337.1301,337.85602500000005,2.3011596180082323,1.488630521981542,337.34,337.35,337.345,2.964324356385228e-05,0.249892,-8.892182289732542e-05,0.0002075457712551465,0.0001778911009977513,0.00010376211793317047,-1.482140210462557e-05,0.00023719428808810505,0.00018515014338566773,PULLBACK_RECLAIM,False,False,V2_ARMED_WAITING,337.26,-0.0007665269098466876,337.29,-0.0006776429503116965,,,,,,,,,,
2026-09-24T19:38:38.398210+00:00,2026-09-24T19:38:38.029821+00:00,AMD,SCALP-AMD-15e80cc8685e1d330437e38f,EMA9_CONTINUATION,CONTEXT_ACCEPT,True,2026-09-24T19:35:11.930668+00:00,627.96,625.578517991133,2026-09-24T19:35:00+00:00,PASS,0.506738,False,BLOCKED,627.98,626.2047227138469,628.8,0.4618996741499234,0.21742999619370432,627.86,627.98,627.9200000000001,0.00019110714740732025,0.368389,-6.369832473396286e-05,-3.185017676843316e-05,9.556270506183573e-05,0.00017521224574323924,0.00036642291577049235,-0.0001592671168508808,0.00019178836144838403,EMA9_TURN_UP,False,False,V2_ARMED_WAITING,628.15,-0.00022930109378460628,628.28,-2.2391612199301747e-05,,,,,,,,,,
2026-09-24T19:38:40.397242+00:00,2026-09-24T19:38:38.555369+00:00,AAPL,SCALP-AAPL-71bf0b0ab61825087f5167e6,MICRO_PULLBACK,CONTEXT_ACCEPT,True,2026-09-24T19:35:08.120337+00:00,337.375,337.1301,2026-09-24T19:35:00+00:00,PASS,0.177074,False,BLOCKED,337.35,337.1301,337.85602500000005,2.3011596180082323,1.488630521981542,337.34,337.35,337.345,2.964324356385228e-05,1.841873,-8.892182289732542e-05,0.0002075457712551465,0.0001334123925289532,0.00011858703547251714,0.00011858703547251714,0.0002816637671045896,0.00017973030460980793,PULLBACK_RECLAIM,False,False,V2_ARMED_WAITING,337.26,-0.0007665269098466876,337.29,-0.0006776429503116965,,,,,,,,,,
2026-09-24T19:38:40.397242+00:00,2026-09-24T19:38:39.281825+00:00,AMD,SCALP-AMD-15e80cc8685e1d330437e38f,EMA9_CONTINUATION,CONTEXT_ACCEPT,True,2026-09-24T19:35:11.930668+00:00,627.96,625.578517991133,2026-09-24T19:35:00+00:00,PASS,0.506738,False,BLOCKED,627.98,626.2047227138469,628.8,0.4618996741499234,0.21742999619370432,627.86,627.98,627.9200000000001,0.00019110714740732025,1.115417,-6.369832473396286e-05,0.0,9.556270506183573e-05,0.00018317789759558778,6.370644072117848e-05,-9.556270506183573e-05,0.00018912468886876898,EMA9_TURN_UP,False,False,V2_ARMED_WAITING,628.15,-0.00022930109378460628,628.36,0.00010493729954541564,,,,,,,,,,
2026-09-24T19:38:42.434463+00:00,2026-09-24T19:38:41.480394+00:00,AAPL,SCALP-AAPL-71bf0b0ab61825087f5167e6,MICRO_PULLBACK,CONTEXT_ACCEPT,True,2026-09-24T19:35:08.120337+00:00,337.375,337.1301,2026-09-24T19:35:00+00:00,PASS,0.171145,False,BLOCKED,337.36,337.1301,337.86604000000005,2.201130926489908,1.3369232973206968,337.33,337.36,337.345,8.892973069121984e-05,0.954069,-8.892182289732542e-05,7.411360132825173e-05,0.0002075457712551465,0.0001778911009977513,7.411360132825173e-05,-5.9308680192771135e-05,0.0001772685258325517,PULLBACK_RECLAIM,False,False,V2_ARMED_WAITING,337.28,-0.0007368918974907102,337.33,-0.0005887563560855735,,,,,,,,,,
2026-09-24T19:38:42.434463+00:00,2026-09-24T19:38:41.691653+00:00,AMD,SCALP-AMD-15e80cc8685e1d330437e38f,EMA9_CONTINUATION,CONTEXT_ACCEPT,True,2026-09-24T19:35:11.930668+00:00,627.96,625.578517991133,2026-09-24T19:35:00+00:00,PASS,0.497188,False,BLOCKED,627.98,626.2047227138469,628.8,0.4618996741499234,0.1836243846777509,627.8,627.98,627.89,0.0002866744174936114,0.74281,-0.00011147206828465706,-4.777678685197184e-05,-7.962544192130494e-05,4.778135253102889e-05,-1.592610288281282e-05,-1.5926610083538684e-05,0.0001935977210798196,EMA9_TURN_UP,False,False,V2_ARMED_WAITING,628.29,-6.47549823129534e-06,628.36,0.00010493729954541564,,,,,,,,,,
2026-09-24T19:38:44.644088+00:00,2026-09-24T19:38:43.227172+00:00,AAPL,SCALP-AAPL-71bf0b0ab61825087f5167e6,MICRO_PULLBACK,CONTEXT_ACCEPT,True,2026-09-24T19:35:08.120337+00:00,337.375,337.1301,2026-09-24T19:35:00+00:00,PASS,0.164765,False,BLOCKED,337.33,337.1301,337.835995,2.531240620310701,1.5874407558342971,337.31,337.33,337.32,5.929088106243867e-05,1.416916,-0.00016302334197848545,-7.410810890939867e-05,0.00013342228152102287,0.00010376980891546594,0.0,-0.0002816538801645452,0.00019213573862499744,PULLBACK_RECLAIM,False,False,V2_ARMED_WAITING,337.28,-0.0006480237468869943,337.34,-0.00047024528811334676,,,,,,,,,,
2026-09-24T19:38:44.644088+00:00,2026-09-24T19:38:42.793994+00:00,AMD,SCALP-AMD-15e80cc8685e1d330437e38f,EMA9_CONTINUATION,CONTEXT_ACCEPT,True,2026-09-24T19:35:11.930668+00:00,627.96,625.578517991133,2026-09-24T19:35:00+00:00,PASS,0.556962,False,BLOCKED,628.06,626.2047227138469,628.7999999999998,0.39886221079887124,0.17030358139829804,627.95,628.06,628.005,0.00017515784109983193,1.850094,7.166061532570822e-05,0.00013536756274667994,0.00010351307449751879,0.0002309432038991588,0.0001672240802674807,0.0001672177395151131,0.00026650541396159807,EMA9_TURN_UP,True,False,V2_TRIGGER_GEOMETRY_BLOCKED,628.29,-0.00013385103872110005,628.36,-2.2452432301589553e-05,,,,,,,,,,
2026-09-24T19:38:46.378236+00:00,2026-09-24T19:38:45.458977+00:00,AMD,SCALP-AMD-15e80cc8685e1d330437e38f,EMA9_CONTINUATION,CONTEXT_ACCEPT,True,2026-09-24T19:35:11.930668+00:00,627.96,625.578517991133,2026-09-24T19:35:00+00:00,PASS,0.590408,False,BLOCKED,628.15,626.2047227138469,628.8,0.33414259479961667,0.13155960189978685,628.07,628.15,628.11,0.00012736622566099446,0.919259,0.00023886871775258278,0.0003025863167280818,0.0003025863167280818,0.00027072650253212593,0.00035834587543903673,0.0003025863167280818,0.00030059224715704377,EMA9_TURN_UP,False,False,V2_ARMED_WAITING,628.29,-0.0002771097403154732,628.36,-0.00016572709485207504,,,,,,,,,,
2026-09-24T19:38:48.388205+00:00,2026-09-24T19:38:47.495852+00:00,AAPL,SCALP-AAPL-71bf0b0ab61825087f5167e6,MICRO_PULLBACK,CONTEXT_ACCEPT,True,2026-09-24T19:35:08.120337+00:00,337.375,337.1301,2026-09-24T19:35:00+00:00,PASS,0.153894,False,BLOCKED,337.31,337.1301,337.815965,2.8124791550865487,1.652627171505475,337.27,337.31,337.28999999999996,0.00011859230928880331,0.892353,-0.0002519451648760329,-0.00016303783960058826,-8.893632159379106e-05,4.4474093840340956e-05,-5.9292638818986276e-05,-0.00023715144092884,0.00021836150906949801,PULLBACK_RECLAIM,False,False,V2_ARMED_WAITING,337.28,-0.0005887695311062036,,,,,,,,,,,,
2026-09-24T19:38:48.388205+00:00,2026-09-24T19:38:46.828256+00:00,AMD,SCALP-AMD-15e80cc8685e1d330437e38f,EMA9_CONTINUATION,CONTEXT_ACCEPT,True,2026-09-24T19:35:11.930668+00:00,627.96,625.578517991133,2026-09-24T19:35:00+00:00,PASS,0.594822,False,BLOCKED,628.26,626.2047227138469,628.8,0.2627382707131711,0.0466392293674756,628.13,628.26,628.1949999999999,0.0002069421119238381,1.559949,0.0003742276578124759,0.0004857538740861145,0.00043795387947498376,0.00040608975379785583,0.0004937209839379619,0.0005335306609380863,0.00032964980162987815,EMA9_TURN_UP,False,False,V2_ARMED_WAITING,628.15,-0.0006748742572738609,628.36,-0.00034078482575916613,,,,,,,,,,
2026-09-24T19:38:50.380085+00:00,2026-09-24T19:38:49.117501+00:00,AAPL,SCALP-AAPL-71bf0b0ab61825087f5167e6,MICRO_PULLBACK,CONTEXT_ACCEPT,True,2026-09-24T19:35:08.120337+00:00,337.375,337.1301,2026-09-24T19:35:00+00:00,PASS,0.159824,False,BLOCKED,337.31,337.1301,337.815965,2.8124791550865487,1.7638099336080897,337.29,337.31,337.3,5.9294396679459854e-05,1.262584,-0.00022230455724336906,-7.411250277911119e-05,-0.00013339459603678439,-4.446881994568663e-05,-2.9646319409382116e-05,-1.4826015651614455e-05,0.0002203650542441293,PULLBACK_RECLAIM,False,False,V2_ARMED_WAITING,337.28,-0.0005887695311062036,,,,,,,,,,,,
2026-09-24T19:38:50.380085+00:00,2026-09-24T19:38:49.075581+00:00,AMD,SCALP-AMD-15e80cc8685e1d330437e38f,EMA9_CONTINUATION,CONTEXT_ACCEPT,True,2026-09-24T19:35:11.930668+00:00,627.96,625.578517991133,2026-09-24T19:35:00+00:00,PASS,0.603247,False,BLOCKED,628.26,626.2047227138469,628.8,0.2627382707131711,0.05637213536406157,628.15,628.26,628.2049999999999,0.00017510207655146594,1.304504,0.0003901522389959666,0.0003184688019999271,0.0004538794750921227,0.0004538794750921227,0.0005893268135734875,0.00018310123925324717,0.00032762297132068194,EMA9_TURN_UP,False,False,V2_ARMED_WAITING,628.17,-0.000643056216177218,,,,,,,,,,,,
2026-09-24T19:38:52.409379+00:00,2026-09-24T19:38:51.109144+00:00,AMD,SCALP-AMD-15e80cc8685e1d330437e38f,EMA9_CONTINUATION,CONTEXT_ACCEPT,True,2026-09-24T19:35:11.930668+00:00,627.96,625.578517991133,2026-09-24T19:35:00+00:00,PASS,0.552782,False,BLOCKED,628.26,626.2047227138469,628.8,0.2627382707131711,0.05637213536406157,628.15,628.26,628.2049999999999,0.00017510207655146594,1.300235,0.0003901522389959666,0.00015124739297234235,0.0004538794750921227,0.0004538794750921227,0.0006291712460775312,-0.00015133892375573943,0.0003275261561570934,EMA9_TURN_UP,False,False,V2_ARMED_WAITING,628.2,-0.0005953291545321981,,,,,,,,,,,,
2026-09-24T19:38:54.494718+00:00,2026-09-24T19:38:52.846603+00:00,AAPL,SCALP-AAPL-71bf0b0ab61825087f5167e6,MICRO_PULLBACK,CONTEXT_ACCEPT,True,2026-09-24T19:35:08.120337+00:00,337.375,337.1301,2026-09-24T19:35:00+00:00,PASS,0.159823,False,BLOCKED,337.29,337.1301,337.79593500000004,3.164071294559233,1.984298980743262,337.27,337.29,337.28,5.9297912713587094e-05,1.648115,-0.0002815857725083637,-2.964807732219743e-05,-0.00019268108316428112,-0.00011858176212509175,-8.893895822836839e-05,0.00013338976227839083,0.00022723806238454124,PULLBACK_RECLAIM,False,False,V2_ARMED_WAITING,337.29,-0.0004998750312422695,,,,,,,,,,,,
2026-09-24T19:38:54.494718+00:00,2026-09-24T19:38:54.034109+00:00,AMD,SCALP-AMD-15e80cc8685e1d330437e38f,EMA9_CONTINUATION,CONTEXT_ACCEPT,True,2026-09-24T19:35:11.930668+00:00,627.96,625.578517991133,2026-09-24T19:35:00+00:00,PASS,0.552782,False,BLOCKED,628.26,626.2047227138469,628.8,0.2627382707131711,0.05637213536406157,628.15,628.26,628.2049999999999,0.00017510207655146594,0.460609,0.0003901522389959666,1.591862399408228e-05,0.0003184688019999271,0.0004538794750921227,0.0006371405133758223,-0.00028662673790580406,0.0003155921861411592,EMA9_TURN_UP,False,False,V2_ARMED_WAITING,628.28,-0.00046805699014573765,,,,,,,,,,,,
2026-09-24T19:38:56.380720+00:00,2026-09-24T19:38:55.143802+00:00,AAPL,SCALP-AAPL-71bf0b0ab61825087f5167e6,MICRO_PULLBACK,CONTEXT_ACCEPT,True,2026-09-24T19:35:08.120337+00:00,337.375,337.1301,2026-09-24T19:35:00+00:00,PASS,0.156858,False,BLOCKED,337.29,337.1301,337.79593500000004,3.164071294559233,1.921755258143641,337.26,337.29,337.275,8.894818768076365e-05,1.236918,-0.0002964060763246401,-1.4824478178354639e-05,-0.00014822500555844442,-0.00020750270494607204,-8.894027660433235e-05,0.00011857802682424534,0.00021986627959739793,PULLBACK_RECLAIM,False,False,V2_ARMED_WAITING,337.29,-0.0004998750312422695,,,,,,,,,,,,
2026-09-24T19:38:56.380720+00:00,2026-09-24T19:38:54.580570+00:00,AMD,SCALP-AMD-15e80cc8685e1d330437e38f,EMA9_CONTINUATION,CONTEXT_ACCEPT,True,2026-09-24T19:35:11.930668+00:00,627.96,625.578517991133,2026-09-24T19:35:00+00:00,PASS,0.523779,False,BLOCKED,628.26,626.2047227138469,628.8,0.2627382707131711,0.05637213536406157,628.15,628.26,628.2049999999999,0.00017510207655146594,1.80015,0.0003901522389959666,0.0,0.0003184688019999271,0.0004538794750921227,0.0006371405133758223,-0.0003184688019999271,0.0003155921861411592,EMA9_TURN_UP,False,False,V2_ARMED_WAITING,628.36,-0.00034078482575916613,,,,,,,,,,,,
2026-09-24T19:38:58.380932+00:00,2026-09-24T19:38:57.308466+00:00,AAPL,SCALP-AAPL-71bf0b0ab61825087f5167e6,MICRO_PULLBACK,CONTEXT_ACCEPT,True,2026-09-24T19:35:08.120337+00:00,337.375,337.1301,2026-09-24T19:35:00+00:00,PASS,0.159824,False,BLOCKED,337.3,337.1301,337.80595000000005,2.977928193055016,1.8675656682663007,337.28,337.3,337.28999999999996,5.929615464448592e-05,1.072466,-0.0002519451648760329,2.9648956356709277e-05,-0.00010375750389102212,-0.00016303783960058826,1.4824258416368252e-05,0.00016305146135930926,0.000224319250014172,PULLBACK_RECLAIM,False,False,V2_ARMED_WAITING,337.33,-0.00041097789590571754,,,,,,,,,,,,
2026-09-24T19:39:00.392382+00:00,2026-09-24T19:39:00.042669+00:00,AAPL,SCALP-AAPL-71bf0b0ab61825087f5167e6,MICRO_PULLBACK,CONTEXT_ACCEPT,True,2026-09-24T19:35:08.120337+00:00,337.375,337.1301,2026-09-24T19:35:00+00:00,PASS,0.159824,False,BLOCKED,337.3,337.1301,337.80595000000005,2.977928193055016,1.8675656682663007,337.28,337.3,337.28999999999996,5.929615464448592e-05,0.349713,-0.0002519451648760329,2.9648956356709277e-05,-2.9647198339866065e-05,-0.00010375750389102212,-2.9647198339866065e-05,8.894335303633039e-05,0.00020699715186394633,PULLBACK_RECLAIM,False,False,V2_ARMED_WAITING,337.34,-0.0003813455174601632,,,,,,,,,,,,
2026-09-24T19:39:00.392382+00:00,2026-09-24T19:38:59.759546+00:00,AMD,SCALP-AMD-15e80cc8685e1d330437e38f,EMA9_CONTINUATION,CONTEXT_ACCEPT,True,2026-09-24T19:35:11.930668+00:00,627.96,625.578517991133,2026-09-24T19:35:00+00:00,PASS,0.574482,False,BLOCKED,628.37,626.2047227138469,628.8,0.1985888840887904,0.016538254644660123,628.29,628.37,628.3299999999999,0.00012732163035354183,0.632836,0.0005892095037898226,0.00019897963244486228,0.00019897963244486228,0.0005175118032498816,0.0007485745229829366,0.00019897963244486228,0.00033851552706911964,EMA9_TURN_UP,False,True,V2_ARMED_WAITING,628.36,-0.0005157812668196149,,,,,,,,,,,,
2026-09-24T19:39:02.416672+00:00,2026-09-24T19:39:02.092674+00:00,AAPL,SCALP-AAPL-71bf0b0ab61825087f5167e6,MICRO_PULLBACK,CONTEXT_ACCEPT,True,2026-09-24T19:35:08.120337+00:00,337.375,337.1301,2026-09-24T19:35:00+00:00,PASS,0.162789,False,BLOCKED,337.3,337.1301,337.80595000000005,2.977928193055016,1.9264264376801088,337.29,337.3,337.295,2.964763782442937e-05,0.323998,-0.00023712486105964548,5.9298791787121274e-05,4.447343453528596e-05,-8.893500333495563e-05,5.9298791787121274e-05,7.412326996547591e-05,0.00017030028236138334,PULLBACK_RECLAIM,False,False,V2_ARMED_WAITING,,,,,,,,,,,,,,
2026-09-24T19:39:02.416672+00:00,2026-09-24T19:39:00.894664+00:00,AMD,SCALP-AMD-15e80cc8685e1d330437e38f,EMA9_CONTINUATION,CONTEXT_ACCEPT,True,2026-09-24T19:35:11.930668+00:00,627.96,625.578517991133,2026-09-24T19:35:00+00:00,PASS,0.569436,False,BLOCKED,628.37,626.2047227138469,628.8,0.1985888840887904,0.016538254644660123,628.29,628.37,628.3299999999999,0.00012732163035354183,1.522008,0.0005892095037898226,0.00019897963244486228,0.00019897963244486228,0.0003502571205680205,0.0006210784469851127,0.00019897963244486228,0.00033851552706911964,EMA9_TURN_UP,False,True,V2_ARMED_WAITING,628.36,-0.0005157812668196149,,,,,,,,,,,,
2026-09-24T19:39:04.507304+00:00,2026-09-24T19:39:03.526762+00:00,AMD,SCALP-AMD-15e80cc8685e1d330437e38f,EMA9_CONTINUATION,CONTEXT_ACCEPT,True,2026-09-24T19:35:11.930668+00:00,627.96,625.578517991133,2026-09-24T19:35:00+00:00,PASS,0.543018,False,BLOCKED,628.3,626.2047227138469,628.8,0.23863190008517837,0.017101360588428247,628.15,628.3,628.2249999999999,0.0002387679573400888,0.980542,0.00042200140136294806,7.958995256185375e-06,3.183674119111579e-05,4.775587198246889e-05,0.00048573066632662254,-1.5918560637429024e-05,0.000376170121133814,EMA9_TURN_UP,False,True,V2_ARMED_WAITING,,,,,,,,,,,,,,
2026-09-24T19:39:06.429325+00:00,2026-09-24T19:39:04.526251+00:00,AAPL,SCALP-AAPL-71bf0b0ab61825087f5167e6,MICRO_PULLBACK,CONTEXT_ACCEPT,True,2026-09-24T19:35:08.120337+00:00,337.375,337.1301,2026-09-24T19:35:00+00:00,PASS,0.159824,False,BLOCKED,337.3,337.1301,337.80595000000005,2.977928193055016,1.8675656682663007,337.28,337.3,337.28999999999996,5.929615464448592e-05,1.903074,-0.0002519451648760329,0.0,2.9648956356709277e-05,-2.9647198339866065e-05,-7.411469990969977e-05,-2.9648956356709277e-05,0.000169005072410355,PULLBACK_RECLAIM,False,False,V2_ARMED_WAITING,,,,,,,,,,,,,,
2026-09-24T19:39:06.429325+00:00,2026-09-24T19:39:05.435693+00:00,AMD,SCALP-AMD-15e80cc8685e1d330437e38f,EMA9_CONTINUATION,CONTEXT_ACCEPT,True,2026-09-24T19:35:11.930668+00:00,627.96,625.578517991133,2026-09-24T19:35:00+00:00,PASS,0.548521,False,BLOCKED,628.29,626.2047227138469,628.8,0.24457179070933327,0.03637096118240168,628.17,628.29,628.23,0.00019101284561387477,0.993632,0.00042996369195491546,-0.00015915203794170107,3.979592648906127e-05,3.979592648906127e-05,0.0004936934641355251,-0.00035813167038656335,0.0003762543084550668,EMA9_TURN_UP,False,True,V2_ARMED_WAITING,,,,,,,,,,,,,,
2026-09-24T19:39:08.419952+00:00,2026-09-24T19:39:06.711951+00:00,AAPL,SCALP-AAPL-71bf0b0ab61825087f5167e6,MICRO_PULLBACK,CONTEXT_ACCEPT,True,2026-09-24T19:35:08.120337+00:00,337.375,337.1301,2026-09-24T19:35:00+00:00,PASS,0.159824,False,BLOCKED,337.3,337.1301,337.80595000000005,2.977928193055016,1.8675656682663007,337.28,337.3,337.28999999999996,5.929615464448592e-05,1.708001,-0.0002519451648760329,0.0,4.4474093840340956e-05,2.9648956356709277e-05,-8.893632159379106e-05,-4.4474093840340956e-05,0.00015188774999514047,PULLBACK_RECLAIM,False,False,V2_ARMED_WAITING,,,,,,,,,,,,,,
2026-09-24T19:39:08.419952+00:00,2026-09-24T19:39:06.556899+00:00,AMD,SCALP-AMD-15e80cc8685e1d330437e38f,EMA9_CONTINUATION,CONTEXT_ACCEPT,True,2026-09-24T19:35:11.930668+00:00,627.96,625.578517991133,2026-09-24T19:35:00+00:00,PASS,0.552886,False,BLOCKED,628.32,626.2047227138469,628.8,0.2269206042829716,0.021665499873913325,628.2,628.32,628.26,0.0001910037245726364,1.863053,0.0004777374355053876,-0.00011140642655915745,6.36719620514814e-05,8.755103827584598e-05,0.0005414702509871638,-0.00028650432220056476,0.0003792725587626085,EMA9_TURN_UP,False,True,V2_ARMED_WAITING,,,,,,,,,,,,,,
2026-09-24T19:39:10.404249+00:00,2026-09-24T19:39:09.274735+00:00,AMD,SCALP-AMD-15e80cc8685e1d330437e38f,EMA9_CONTINUATION,CONTEXT_ACCEPT,True,2026-09-24T19:35:11.930668+00:00,627.96,625.578517991133,2026-09-24T19:35:00+00:00,PASS,0.56316,False,BLOCKED,628.34,626.2047227138469,628.8,0.21542869536568182,0.01677551240969266,628.23,628.34,628.2850000000001,0.00017507978067280553,1.129514,0.0005175488884643364,9.550718293627192e-05,0.00010346693833374054,0.00012734696476490726,0.0005812842400305662,8.754818768008654e-05,0.0003813543133622019,EMA9_TURN_UP,False,True,V2_ARMED_WAITING,,,,,,,,,,,,,,
2026-09-24T19:39:12.424407+00:00,2026-09-24T19:39:11.077625+00:00,AAPL,SCALP-AAPL-71bf0b0ab61825087f5167e6,MICRO_PULLBACK,CONTEXT_ACCEPT,True,2026-09-24T19:35:08.120337+00:00,337.375,337.1301,2026-09-24T19:35:00+00:00,PASS,0.159824,False,BLOCKED,337.31,337.1301,337.815965,2.8124791550865487,1.7638099336080897,337.29,337.31,337.3,5.9294396679459854e-05,1.346782,-0.00022230455724336906,2.9648077322308453e-05,2.9648077322308453e-05,7.412348973390159e-05,-0.00013339459603678439,2.9648077322308453e-05,0.00015332770893728705,PULLBACK_RECLAIM,False,False,V2_ARMED_WAITING,,,,,,,,,,,,,,
2026-09-24T19:39:14.420387+00:00,2026-09-24T19:39:12.863025+00:00,AAPL,SCALP-AAPL-71bf0b0ab61825087f5167e6,MICRO_PULLBACK,CONTEXT_ACCEPT,True,2026-09-24T19:35:08.120337+00:00,337.375,337.1301,2026-09-24T19:35:00+00:00,PASS,0.162789,False,BLOCKED,337.34,337.1301,337.84601,2.410719390186402,1.559503819816479,337.33,337.34,337.335,2.96441223116217e-05,1.557362,-0.00011856243052987825,0.00013341634794983293,0.00013341634794983293,0.00013341634794983293,-2.9643243563803878e-05,0.00013341634794983293,0.00016966021940021498,PULLBACK_RECLAIM,False,False,V2_ARMED_WAITING,,,,,,,,,,,,,,
2026-09-24T19:39:14.420387+00:00,2026-09-24T19:39:13.150639+00:00,AMD,SCALP-AMD-15e80cc8685e1d330437e38f,EMA9_CONTINUATION,CONTEXT_ACCEPT,True,2026-09-24T19:35:11.930668+00:00,627.96,625.578517991133,2026-09-24T19:35:00+00:00,PASS,0.579222,False,BLOCKED,628.43,626.2047227138469,628.8,0.16627141359072786,-0.0063897200182670795,628.36,628.43,628.395,0.0001113949028874137,1.269748,0.0006927192814827343,0.00021487919014417933,0.00010344882466228889,0.0002785648339753699,0.0006210141639000355,0.0003262856167033368,0.0003212181269968919,EMA9_TURN_UP,False,True,V2_ARMED_WAITING,,,,,,,,,,,,,,
2026-09-24T19:39:16.536542+00:00,2026-09-24T19:39:15.405604+00:00,AAPL,SCALP-AAPL-71bf0b0ab61825087f5167e6,MICRO_PULLBACK,CONTEXT_ACCEPT,True,2026-09-24T19:35:08.120337+00:00,337.375,337.1301,2026-09-24T19:35:00+00:00,PASS,0.159825,False,BLOCKED,337.36,337.1301,337.86604000000005,2.201130926489908,1.3804236935358671,337.34,337.36,337.35,5.928560841867097e-05,1.130938,-7.4101519081049e-05,0.00016306200803462012,0.00017788846393318458,0.00017788846393318458,7.411250277922221e-05,0.00014823796937335487,0.0001406289403690748,PULLBACK_RECLAIM,False,False,V2_ARMED_WAITING,,,,,,,,,,,,,,
2026-09-24T19:39:18.489555+00:00,2026-09-24T19:39:16.707610+00:00,AAPL,SCALP-AAPL-71bf0b0ab61825087f5167e6,MICRO_PULLBACK,CONTEXT_ACCEPT,True,2026-09-24T19:35:08.120337+00:00,337.375,337.1301,2026-09-24T19:35:00+00:00,PASS,0.159825,False,BLOCKED,337.36,337.1301,337.86604000000005,2.201130926489908,1.3804236935358671,337.34,337.36,337.35,5.928560841867097e-05,1.781945,-7.4101519081049e-05,0.00014823599169888624,0.00017788846393318458,0.00017788846393318458,7.411250277922221e-05,0.00011858791437657779,0.0001406289403690748,PULLBACK_RECLAIM,False,False,V2_ARMED_WAITING,,,,,,,,,,,,,,
2026-09-24T19:39:18.489555+00:00,2026-09-24T19:39:17.128179+00:00,AMD,SCALP-AMD-15e80cc8685e1d330437e38f,EMA9_CONTINUATION,CONTEXT_ACCEPT,True,2026-09-24T19:35:11.930668+00:00,627.96,625.578517991133,2026-09-24T19:35:00+00:00,PASS,0.583801,False,BLOCKED,628.45,626.2047227138469,628.8,0.15588275094502146,-0.024153562334061365,628.36,628.45,628.405,0.0001432197388627268,1.361376,0.000708643862666225,0.0001273226435363206,0.00023079616719190454,0.0001193640284564701,0.0003342911038770602,2.3862292725995715e-05,0.00029110309085851653,EMA9_TURN_UP,False,True,V2_ARMED_WAITING,,,,,,,,,,,,,,
